 Vbg, Id_Vjg=-1.5V, Id_Vjg=-1.25V, Id_Vjg=-1V, Id_Vjg=-0.75V, Id_Vjg=-0.5V, Id_Vjg=-0.25V, Id_Vjg=0V
-20,-4.65E-12,5.03E-12,-1.76E-12,1.01E-11,-1.22E-11,2.86E-10,1.62E-09
-19.95,-1.99E-11,1.87E-11,-2.18E-11,1.77E-11,6.21E-11,3.34E-10,1.66E-09
-19.9,3.87E-11,-4.14E-11,3.82E-11,-3.85E-11,1.11E-11,2.95E-10,1.64E-09
-19.85,-3.81E-11,3.52E-11,-3.64E-11,3.73E-11,1.28E-11,2.69E-10,1.60E-09
-19.8,6.67E-12,-1.65E-11,9.98E-12,-1.68E-11,6.07E-11,3.70E-10,1.55E-09
-19.75,1.46E-11,-1.26E-11,1.25E-11,-8.04E-12,-1.13E-11,2.88E-10,1.49E-09
-19.7,-4.22E-11,3.39E-11,-3.87E-11,3.70E-11,4.85E-11,3.22E-10,1.49E-09
-19.65,3.54E-11,-3.66E-11,3.51E-11,-3.54E-11,1.22E-11,3.34E-10,1.59E-09
-19.6,-1.26E-11,1.31E-11,-2.38E-11,6.62E-12,9.49E-12,2.83E-10,1.58E-09
-19.55,-1.60E-11,1.65E-11,-7.48E-12,2.36E-11,6.57E-11,3.16E-10,1.70E-09
-19.5,3.91E-11,-3.90E-11,3.72E-11,-3.59E-11,-6.12E-12,3.11E-10,1.70E-09
-19.45,-3.50E-11,2.63E-11,-3.65E-11,2.15E-11,2.58E-11,3.02E-10,1.31E-09
-19.4,-4.98E-12,7.71E-12,2.38E-11,2.71E-12,6.51E-11,3.76E-10,1.61E-09
-19.35,3.42E-11,-3.86E-11,2.43E-12,-2.41E-11,-9.69E-12,3.38E-10,1.55E-09
-19.3,-3.81E-11,3.53E-11,-2.72E-11,3.83E-11,3.36E-11,2.85E-10,1.49E-09
-19.25,1.85E-12,-4.83E-12,3.37E-11,-3.31E-11,5.11E-11,3.74E-10,1.58E-09
-19.2,2.74E-11,-3.11E-11,-3.39E-11,6.96E-12,-8.13E-12,3.57E-10,1.68E-09
-19.15,-3.80E-11,3.40E-11,2.31E-12,1.81E-11,4.43E-11,2.93E-10,1.48E-09
-19.1,9.38E-12,-2.67E-11,1.38E-11,-4.06E-11,4.24E-11,3.52E-10,1.63E-09
-19.05,2.10E-11,-1.23E-12,-3.91E-11,3.27E-11,-1.34E-11,2.88E-10,1.48E-09
-19,-3.57E-11,2.23E-11,3.20E-11,1.20E-12,5.80E-11,3.25E-10,1.60E-09
-18.95,2.25E-11,-3.85E-11,-2.83E-12,-3.23E-11,2.96E-11,2.90E-10,1.70E-09
-18.9,-3.40E-13,3.45E-11,-2.07E-11,3.68E-11,-9.08E-12,2.66E-10,1.52E-09
-18.85,-2.41E-11,-7.12E-12,3.82E-11,-2.83E-11,6.27E-11,3.13E-10,1.71E-09
-18.8,3.58E-11,-2.56E-11,-3.59E-11,8.10E-13,2.06E-11,2.68E-10,1.70E-09
-18.75,-3.49E-11,3.30E-11,2.95E-11,2.37E-11,3.80E-13,2.72E-10,1.52E-09
-18.7,1.06E-12,-2.77E-11,-1.25E-11,-3.93E-11,6.08E-11,3.16E-10,1.66E-09
-18.65,1.96E-11,-4.42E-12,-2.33E-11,3.55E-11,7.60E-12,2.38E-10,1.51E-09
-18.6,-3.93E-11,2.81E-11,3.58E-11,-7.10E-12,1.06E-11,3.12E-10,1.58E-09
-18.55,3.36E-11,-3.77E-11,-3.39E-11,-1.81E-11,6.41E-11,2.85E-10,1.53E-09
-18.5,-5.45E-12,3.36E-11,4.30E-12,3.91E-11,-5.20E-12,2.55E-10,1.49E-09
-18.45,-1.99E-11,-2.71E-12,1.94E-11,-3.55E-11,2.05E-11,3.21E-10,1.50E-09
-18.4,3.88E-11,-1.74E-11,-3.96E-11,8.80E-12,6.19E-11,2.43E-10,1.41E-09
-18.35,-3.75E-11,3.88E-11,3.16E-11,1.86E-11,-9.90E-12,2.78E-10,1.47E-09
-18.3,8.63E-12,-3.75E-11,-1.13E-11,-3.78E-11,5.91E-11,2.71E-10,1.42E-09
-18.25,1.49E-11,1.68E-11,-2.21E-11,3.54E-11,2.85E-11,2.39E-10,1.37E-09
-18.2,-4.10E-11,7.00E-13,3.63E-11,-1.58E-12,-7.98E-12,3.10E-10,1.45E-09
-18.15,3.48E-11,-3.45E-11,-3.68E-11,-2.95E-11,6.45E-11,2.90E-10,1.38E-09
-18.1,-1.27E-11,3.71E-11,2.96E-12,3.62E-11,-1.03E-12,2.51E-10,1.46E-09
-18.05,-1.54E-11,-3.67E-11,2.21E-11,-3.26E-11,2.87E-11,3.12E-10,1.35E-09
-18,3.93E-11,1.11E-11,-3.82E-11,7.99E-12,4.83E-11,2.64E-10,1.36E-09
-17.95,-3.53E-11,1.18E-11,3.52E-11,2.09E-11,-1.30E-11,2.92E-10,1.41E-09
-17.9,5.27E-12,-3.66E-11,-8.85E-12,-3.97E-11,6.56E-11,2.97E-10,1.35E-09
-17.85,2.27E-11,3.49E-11,-1.68E-11,3.75E-11,1.79E-11,2.49E-10,1.48E-09
-17.8,-3.69E-11,-2.85E-11,3.75E-11,-1.61E-11,1.99E-11,3.04E-10,1.37E-09
-17.75,2.32E-11,-3.69E-12,-3.80E-11,-6.07E-12,6.62E-11,2.43E-10,1.35E-09
-17.7,1.53E-12,2.09E-11,1.34E-11,3.42E-11,-7.74E-12,2.63E-10,1.38E-09
-17.65,-3.16E-11,-4.01E-11,1.63E-11,-3.70E-11,5.63E-11,3.04E-10,1.35E-09
-17.6,3.58E-11,3.51E-11,-3.96E-11,2.76E-11,3.28E-11,2.30E-10,1.34E-09
-17.55,-2.28E-11,-1.33E-11,3.40E-11,-4.87E-12,-9.49E-12,3.22E-10,1.48E-09
-17.5,-8.07E-12,-9.58E-12,-8.57E-12,-2.04E-11,6.08E-11,3.01E-10,1.31E-09
-17.45,2.99E-11,3.22E-11,-1.66E-11,3.93E-11,1.09E-11,2.99E-10,1.38E-09
-17.4,-3.78E-11,-3.79E-11,3.68E-11,-3.71E-11,7.75E-12,3.29E-10,1.48E-09
-17.35,2.28E-11,1.59E-11,-3.63E-11,2.32E-11,6.64E-11,2.55E-10,1.51E-09
-17.3,3.21E-12,1.57E-11,2.39E-11,7.62E-12,-3.78E-12,3.24E-10,1.48E-09
-17.25,-3.40E-11,-3.95E-11,1.77E-12,-3.60E-11,1.98E-11,2.85E-10,1.43E-09
-17.2,3.70E-11,3.03E-11,-2.85E-11,3.78E-11,5.07E-11,2.70E-10,1.50E-09
-17.15,-2.62E-11,-1.06E-11,3.48E-11,-2.25E-11,-1.10E-11,3.19E-10,1.27E-09
-17.1,-1.08E-11,-1.67E-11,-3.46E-11,-7.50E-12,6.19E-11,2.53E-10,1.44E-09
-17.05,3.80E-11,3.70E-11,1.02E-11,1.84E-11,1.89E-11,2.92E-10,1.38E-09
-17,-3.79E-11,-3.81E-11,1.95E-11,-3.99E-11,9.93E-12,2.79E-10,1.39E-09
-16.95,1.51E-11,1.78E-11,-3.68E-11,3.60E-11,6.84E-11,2.22E-10,1.37E-09
-16.9,1.07E-11,7.36E-12,2.59E-11,-1.99E-11,-5.41E-12,2.94E-10,1.35E-09
-16.85,-3.35E-11,-3.21E-11,4.05E-12,-4.46E-12,2.78E-11,2.30E-10,1.43E-09
-16.8,3.42E-11,3.56E-11,-2.95E-11,2.80E-11,5.45E-11,2.59E-10,1.29E-09
-16.75,-2.32E-11,-3.71E-11,3.41E-11,-3.70E-11,-8.80E-12,3.27E-10,1.41E-09
-16.7,-1.46E-11,3.29E-12,-3.18E-11,3.63E-11,6.06E-11,2.45E-10,1.53E-09
-16.65,3.84E-11,1.51E-11,1.40E-13,-1.07E-11,2.07E-11,2.92E-10,1.43E-09
-16.6,-3.39E-11,-3.80E-11,2.13E-11,-1.44E-11,1.39E-11,2.75E-10,1.48E-09
-16.55,-5.46E-12,3.51E-11,-3.87E-11,4.12E-11,6.39E-11,2.69E-10,1.47E-09
-16.5,1.72E-11,-2.42E-11,2.89E-11,-3.56E-11,-9.34E-12,3.20E-10,1.54E-09
-16.45,-4.00E-11,3.20E-12,4.70E-13,1.58E-11,3.85E-11,2.54E-10,1.63E-09
-16.4,3.57E-11,1.78E-11,-3.21E-11,1.30E-11,4.86E-11,2.98E-10,1.49E-09
-16.35,-1.31E-11,-4.06E-11,3.70E-11,-2.52E-11,-8.53E-12,2.98E-10,1.45E-09
-16.3,-1.50E-11,3.55E-11,-3.58E-11,3.85E-11,5.56E-11,2.55E-10,1.46E-09
-16.25,3.82E-11,-1.06E-11,7.22E-12,-3.53E-11,2.77E-11,3.24E-10,1.52E-09
-16.2,-3.53E-11,-1.75E-11,1.74E-11,9.21E-12,1.00E-13,2.41E-10,1.41E-09
-16.15,6.27E-12,2.68E-11,-3.94E-11,1.42E-11,6.42E-11,3.06E-10,1.44E-09
-16.1,1.92E-11,-3.67E-11,3.65E-11,-3.63E-11,-5.31E-12,3.08E-10,1.41E-09
-16.05,-3.65E-11,3.55E-11,-2.28E-11,3.67E-11,3.31E-11,2.48E-10,1.50E-09
-16,2.53E-11,-8.66E-12,-9.81E-12,-2.65E-11,4.82E-11,3.20E-10,1.47E-09
-15.95,1.09E-11,-1.28E-11,2.50E-11,-1.03E-12,-1.07E-11,2.28E-10,1.50E-09
-15.9,-3.98E-11,3.73E-11,-3.74E-11,3.70E-11,6.74E-11,2.70E-10,1.39E-09
-15.85,3.54E-11,-3.68E-11,3.42E-11,-3.68E-11,4.89E-12,3.35E-10,1.42E-09
-15.8,-9.15E-12,3.81E-12,-5.79E-12,2.98E-11,2.44E-11,2.57E-10,1.40E-09
-15.75,-1.97E-11,2.51E-11,-1.23E-11,-8.00E-12,4.28E-11,3.18E-10,1.38E-09
-15.7,3.78E-11,-3.57E-11,3.53E-11,-1.45E-11,-8.15E-12,2.57E-10,1.41E-09
-15.65,-3.35E-11,3.24E-11,-3.58E-11,4.00E-11,6.62E-11,2.79E-10,1.38E-09
-15.6,6.48E-12,3.72E-12,2.33E-11,-3.55E-11,8.42E-12,3.25E-10,1.46E-09
-15.55,2.08E-11,-2.76E-11,-1.23E-12,1.89E-11,1.06E-11,2.77E-10,1.38E-09
-15.5,-3.85E-11,3.76E-11,-2.27E-11,1.87E-11,6.72E-11,3.27E-10,1.38E-09
-15.45,3.61E-11,-3.30E-11,3.99E-11,-3.01E-11,-8.92E-12,2.73E-10,1.51E-09
-15.4,-7.70E-12,4.28E-12,-3.22E-11,3.91E-11,4.80E-11,2.77E-10,1.59E-09
-15.35,-2.21E-11,1.88E-11,1.28E-11,-2.52E-11,3.51E-11,3.44E-10,1.53E-09
-15.3,3.79E-11,-3.93E-11,1.44E-11,4.99E-12,-3.27E-12,2.67E-10,1.56E-09
-15.25,-3.42E-11,3.64E-11,-3.28E-11,2.39E-11,6.72E-11,3.48E-10,1.53E-09
-15.2,6.87E-12,-1.64E-11,3.67E-11,-3.63E-11,3.88E-12,2.94E-10,1.51E-09
-15.15,2.00E-11,-8.60E-12,-2.86E-11,3.89E-11,2.22E-11,2.45E-10,1.47E-09
-15.1,-3.88E-11,3.54E-11,-5.71E-12,-1.22E-11,6.68E-11,3.17E-10,1.46E-09
-15.05,3.78E-11,-3.44E-11,2.64E-11,-1.01E-11,-7.16E-12,2.98E-10,1.42E-09
-15,-8.20E-12,2.83E-11,-3.66E-11,4.01E-11,4.63E-11,3.22E-10,1.36E-09
-14.95,-1.52E-11,9.04E-12,3.34E-11,-3.37E-11,3.88E-11,3.24E-10,1.48E-09
-14.9,4.06E-11,-3.57E-11,4.30E-13,2.98E-11,-2.20E-12,2.70E-10,1.43E-09
-14.85,-3.50E-11,3.79E-11,-1.98E-11,-7.25E-12,6.91E-11,3.59E-10,1.62E-09
-14.8,1.64E-11,-3.08E-11,4.12E-11,-9.37E-12,4.58E-12,2.71E-10,1.45E-09
-14.75,1.17E-11,2.92E-12,-3.26E-11,4.24E-11,3.52E-11,3.04E-10,1.63E-09
-14.7,-3.37E-11,3.13E-11,3.16E-12,-3.12E-11,7.14E-11,3.33E-10,1.62E-09
-14.65,3.90E-11,-3.28E-11,3.49E-11,2.72E-11,1.12E-12,2.76E-10,1.53E-09
-14.6,-1.96E-11,3.69E-11,-3.57E-11,1.01E-11,7.13E-11,3.54E-10,1.55E-09
-14.55,2.45E-12,2.45E-12,3.89E-11,-2.41E-11,3.44E-11,3.18E-10,1.41E-09
-14.5,3.09E-11,-1.78E-11,-8.47E-12,4.17E-11,1.62E-11,2.78E-10,1.35E-09
-14.45,-3.35E-11,4.34E-11,-1.00E-11,-3.12E-11,7.85E-11,3.66E-10,1.45E-09
-14.4,3.84E-11,-3.18E-11,4.03E-11,1.91E-11,1.36E-12,2.72E-10,1.34E-09
-14.35,-5.72E-12,1.66E-11,-3.18E-11,2.20E-11,5.26E-11,3.47E-10,1.36E-09
-14.3,-1.57E-11,1.94E-11,2.79E-11,-3.16E-11,5.11E-11,3.25E-10,1.35E-09
-14.25,4.20E-11,-3.18E-11,9.60E-12,4.40E-11,4.30E-12,2.81E-10,1.55E-09
-14.2,-2.94E-11,4.07E-11,-2.23E-11,-1.51E-12,7.82E-11,3.54E-10,1.59E-09
-14.15,1.36E-11,-1.80E-11,4.19E-11,4.60E-12,3.49E-12,2.87E-10,1.70E-09
-14.1,2.41E-11,-7.27E-12,-2.84E-11,3.73E-11,4.31E-11,3.49E-10,1.48E-09
-14.05,-3.16E-11,4.59E-11,2.28E-11,-2.61E-11,6.49E-11,3.40E-10,1.36E-09
-14,4.42E-11,-2.98E-11,1.86E-11,4.36E-11,4.46E-12,2.99E-10,1.40E-09
-13.95,-4.57E-12,4.20E-11,-2.62E-11,9.46E-12,5.92E-11,3.83E-10,1.42E-09
-13.9,-5.53E-12,4.69E-12,4.36E-11,-1.48E-11,4.90E-11,3.17E-10,1.41E-09
-13.85,4.79E-11,-1.04E-11,-1.48E-11,4.96E-11,1.04E-11,3.31E-10,1.46E-09
-13.8,-2.62E-11,4.81E-11,6.64E-12,-2.07E-11,7.93E-11,3.81E-10,1.42E-09
-13.75,1.94E-11,-2.70E-11,4.55E-11,1.95E-11,1.73E-11,3.07E-10,1.53E-09
-13.7,2.78E-11,9.87E-12,-2.52E-11,3.24E-11,5.48E-11,3.90E-10,1.63E-09
-13.65,-2.75E-11,3.31E-11,2.04E-11,-2.36E-11,6.62E-11,3.79E-10,1.59E-09
-13.6,4.89E-11,-2.53E-11,2.44E-11,5.25E-11,1.09E-11,3.13E-10,1.71E-09
-13.55,-2.00E-13,4.50E-11,-2.18E-11,-2.65E-12,8.79E-11,3.85E-10,1.62E-09
-13.5,-3.64E-12,8.14E-12,4.97E-11,1.10E-11,2.58E-11,3.11E-10,1.69E-09
-13.45,5.13E-11,-4.68E-12,-1.17E-11,4.66E-11,4.98E-11,3.60E-10,1.77E-09
-13.4,-1.49E-11,5.44E-11,2.33E-11,-1.58E-11,8.08E-11,3.71E-10,1.61E-09
-13.35,5.71E-12,-2.12E-11,4.20E-11,5.66E-11,2.27E-11,3.29E-10,1.67E-09
-13.3,5.55E-11,3.18E-11,-1.80E-11,1.89E-11,8.04E-11,4.25E-10,1.69E-09
-13.25,-1.61E-11,2.63E-11,4.30E-11,1.55E-11,7.36E-11,3.65E-10,1.70E-09
-13.2,1.42E-11,-1.59E-11,2.79E-11,6.05E-11,3.93E-11,4.12E-10,1.87E-09
-13.15,5.34E-11,5.42E-11,-1.68E-11,-1.17E-11,1.03E-10,4.31E-10,1.73E-09
-13.1,-1.76E-11,-8.36E-12,5.99E-11,6.46E-11,3.20E-11,3.56E-10,1.75E-09
-13.05,2.42E-11,2.13E-11,-3.83E-12,2.14E-11,7.64E-11,4.26E-10,1.76E-09
-13,5.10E-11,4.50E-11,2.79E-11,1.54E-11,7.64E-11,4.08E-10,1.75E-09
-12.95,-1.20E-11,-1.36E-11,5.15E-11,6.92E-11,4.41E-11,3.90E-10,1.92E-09
-12.9,5.50E-11,5.56E-11,-9.49E-12,5.60E-13,1.11E-10,4.60E-10,1.85E-09
-12.85,2.58E-11,2.54E-11,6.71E-11,7.43E-11,5.76E-11,4.12E-10,1.76E-09
-12.8,2.17E-12,5.67E-12,1.97E-11,2.43E-11,8.21E-11,4.40E-10,1.79E-09
-12.75,6.57E-11,6.45E-11,2.25E-11,3.22E-11,1.07E-10,5.04E-10,1.71E-09
-12.7,7.20E-12,-3.32E-12,7.30E-11,8.13E-11,4.93E-11,4.31E-10,1.93E-09
-12.65,1.99E-11,3.52E-11,5.22E-12,1.17E-11,1.30E-10,4.72E-10,1.88E-09
-12.6,6.36E-11,5.50E-11,6.68E-11,7.80E-11,7.16E-11,4.52E-10,1.82E-09
-12.55,-1.08E-12,-9.60E-13,4.63E-11,5.63E-11,1.03E-10,4.81E-10,1.75E-09
-12.5,6.38E-11,6.02E-11,2.03E-11,3.35E-11,1.32E-10,5.18E-10,1.72E-09
-12.45,4.04E-11,5.03E-11,8.45E-11,9.94E-11,7.41E-11,4.58E-10,1.88E-09
-12.4,4.69E-12,9.01E-12,1.88E-11,2.64E-11,1.51E-10,5.34E-10,2.01E-09
-12.35,7.75E-11,7.92E-11,5.66E-11,7.80E-11,1.15E-10,5.18E-10,1.94E-09
-12.3,1.82E-11,1.69E-11,7.71E-11,8.27E-11,1.09E-10,5.39E-10,1.91E-09
-12.25,3.65E-11,4.80E-11,1.95E-11,4.75E-11,1.71E-10,6.08E-10,2.11E-09
-12.2,7.26E-11,7.46E-11,9.47E-11,1.14E-10,1.03E-10,5.24E-10,2.22E-09
-12.15,1.34E-11,1.51E-11,5.50E-11,4.44E-11,1.37E-10,5.82E-10,2.18E-09
-12.1,8.45E-11,9.21E-11,5.28E-11,9.43E-11,1.70E-10,5.98E-10,2.35E-09
-12.05,5.23E-11,5.14E-11,1.12E-10,1.00E-10,1.13E-10,5.38E-10,2.29E-09
-12,3.38E-11,3.89E-11,4.39E-11,5.81E-11,1.95E-10,6.19E-10,2.31E-09
-11.95,9.80E-11,1.04E-10,8.72E-11,1.35E-10,1.52E-10,6.30E-10,2.43E-09
-11.9,3.40E-11,3.24E-11,1.06E-10,7.65E-11,1.65E-10,6.13E-10,2.35E-09
-11.85,6.42E-11,9.02E-11,5.09E-11,1.10E-10,2.11E-10,7.11E-10,2.39E-09
-11.8,9.55E-11,8.14E-11,1.28E-10,1.45E-10,1.54E-10,6.75E-10,2.46E-09
-11.75,3.43E-11,6.04E-11,8.74E-11,8.46E-11,2.13E-10,6.97E-10,2.49E-09
-11.7,9.60E-11,1.21E-10,9.21E-11,1.58E-10,2.19E-10,7.43E-10,2.61E-09
-11.65,8.13E-11,5.31E-11,1.47E-10,1.23E-10,1.76E-10,7.03E-10,2.54E-09
-11.6,4.79E-11,9.88E-11,8.20E-11,1.24E-10,2.60E-10,7.86E-10,2.53E-09
-11.55,1.22E-10,1.11E-10,1.58E-10,1.86E-10,2.32E-10,7.59E-10,2.61E-09
-11.5,8.11E-11,5.74E-11,1.19E-10,1.21E-10,2.24E-10,8.00E-10,2.71E-09
-11.45,7.02E-11,1.41E-10,1.24E-10,1.82E-10,2.94E-10,8.64E-10,2.68E-09
-11.4,1.30E-10,7.20E-11,1.84E-10,1.86E-10,2.29E-10,8.03E-10,2.72E-09
-11.35,7.11E-11,1.18E-10,1.15E-10,1.47E-10,2.95E-10,9.41E-10,2.88E-09
-11.3,1.08E-10,1.45E-10,1.72E-10,2.26E-10,3.08E-10,9.23E-10,2.90E-09
-11.25,1.38E-10,8.46E-11,1.78E-10,1.75E-10,2.73E-10,9.18E-10,3.03E-09
-11.2,8.20E-11,1.69E-10,1.34E-10,2.10E-10,3.59E-10,1.05E-09,3.05E-09
-11.15,1.55E-10,1.29E-10,2.15E-10,2.51E-10,3.13E-10,1.00E-09,3.04E-09
-11.1,1.21E-10,1.31E-10,1.76E-10,2.01E-10,3.48E-10,1.07E-09,3.22E-09
-11.05,1.08E-10,1.88E-10,1.94E-10,2.83E-10,3.96E-10,1.08E-09,3.28E-09
-11,1.81E-10,1.19E-10,2.45E-10,2.54E-10,3.46E-10,1.09E-09,3.35E-09
-10.95,1.06E-10,1.74E-10,1.84E-10,2.62E-10,4.38E-10,1.19E-09,3.52E-09
-10.9,1.58E-10,1.97E-10,2.66E-10,3.15E-10,4.21E-10,1.28E-09,3.53E-09
-10.85,1.72E-10,1.48E-10,2.41E-10,2.59E-10,4.26E-10,1.21E-09,3.59E-09
-10.8,1.28E-10,2.17E-10,2.25E-10,3.46E-10,5.07E-10,1.31E-09,3.62E-09
-10.75,2.05E-10,1.98E-10,3.11E-10,3.20E-10,4.55E-10,1.32E-09,3.80E-09
-10.7,1.64E-10,1.81E-10,2.50E-10,3.30E-10,5.26E-10,1.30E-09,3.90E-09
-10.65,1.74E-10,2.57E-10,2.98E-10,4.00E-10,5.44E-10,1.45E-09,3.89E-09
-10.6,2.31E-10,1.96E-10,3.37E-10,3.43E-10,5.25E-10,1.42E-09,3.91E-09
-10.55,1.66E-10,2.48E-10,2.87E-10,4.08E-10,6.26E-10,1.50E-09,4.05E-09
-10.5,2.37E-10,2.75E-10,3.76E-10,4.26E-10,5.86E-10,1.57E-09,4.05E-09
-10.45,2.26E-10,2.24E-10,3.50E-10,4.06E-10,6.38E-10,1.59E-09,4.17E-09
-10.4,2.01E-10,3.17E-10,3.52E-10,5.00E-10,7.02E-10,1.70E-09,4.26E-09
-10.35,2.77E-10,2.72E-10,4.25E-10,4.61E-10,6.60E-10,1.68E-09,4.55E-09
-10.3,2.28E-10,3.06E-10,3.78E-10,5.06E-10,7.73E-10,1.78E-09,4.71E-09
-10.25,2.61E-10,3.47E-10,4.36E-10,5.55E-10,7.45E-10,1.81E-09,4.88E-09
-10.2,3.09E-10,2.95E-10,4.65E-10,5.14E-10,7.94E-10,1.84E-09,5.01E-09
-10.15,2.58E-10,3.85E-10,4.34E-10,6.15E-10,8.68E-10,2.00E-09,4.81E-09
-10.1,3.35E-10,3.57E-10,5.17E-10,5.93E-10,8.49E-10,1.98E-09,5.00E-09
-10.05,3.15E-10,3.69E-10,4.79E-10,6.08E-10,9.32E-10,2.13E-09,5.15E-09
-10,3.02E-10,4.37E-10,5.44E-10,7.04E-10,9.49E-10,2.21E-09,5.43E-09
-9.95,3.78E-10,3.91E-10,5.83E-10,6.58E-10,9.74E-10,2.21E-09,5.38E-09
-9.9,3.35E-10,4.54E-10,5.53E-10,7.23E-10,1.08E-09,2.40E-09,5.33E-09
-9.85,3.79E-10,4.72E-10,6.53E-10,7.91E-10,1.04E-09,2.43E-09,5.80E-09
-9.8,4.13E-10,4.28E-10,6.21E-10,7.49E-10,1.14E-09,2.51E-09,5.75E-09
-9.75,3.72E-10,5.27E-10,6.53E-10,8.38E-10,1.29E-09,2.61E-09,5.72E-09
-9.7,4.58E-10,4.96E-10,7.17E-10,8.65E-10,1.31E-09,2.65E-09,6.14E-09
-9.65,4.31E-10,5.13E-10,6.98E-10,8.72E-10,1.30E-09,2.85E-09,6.37E-09
-9.6,4.35E-10,5.94E-10,8.00E-10,9.70E-10,1.40E-09,2.81E-09,6.25E-09
-9.55,5.12E-10,5.39E-10,7.89E-10,9.68E-10,1.41E-09,2.91E-09,6.47E-09
-9.5,4.81E-10,6.31E-10,8.16E-10,9.94E-10,1.48E-09,3.09E-09,6.50E-09
-9.45,5.02E-10,6.31E-10,9.04E-10,1.09E-09,1.54E-09,3.09E-09,6.80E-09
-9.4,5.90E-10,6.19E-10,8.67E-10,1.07E-09,1.56E-09,3.31E-09,6.89E-09
-9.35,5.23E-10,7.19E-10,9.70E-10,1.29E-09,1.71E-09,3.39E-09,7.10E-09
-9.3,6.07E-10,6.54E-10,9.68E-10,1.22E-09,1.72E-09,3.46E-09,7.35E-09
-9.25,6.33E-10,7.41E-10,9.83E-10,1.31E-09,1.81E-09,3.61E-09,7.52E-09
-9.2,6.10E-10,7.77E-10,1.10E-09,1.32E-09,1.90E-09,3.69E-09,7.65E-09
-9.15,6.78E-10,7.64E-10,1.07E-09,1.37E-09,1.93E-09,3.83E-09,7.73E-09
-9.1,6.55E-10,8.68E-10,1.15E-09,1.47E-09,2.08E-09,3.89E-09,8.15E-09
-9.05,7.03E-10,8.48E-10,1.30E-09,1.44E-09,2.08E-09,3.99E-09,8.29E-09
-9,7.68E-10,8.87E-10,1.31E-09,1.57E-09,2.22E-09,4.16E-09,8.56E-09
-8.95,7.81E-10,9.65E-10,1.30E-09,1.59E-09,2.26E-09,4.24E-09,8.66E-09
-8.9,8.52E-10,9.51E-10,1.41E-09,1.62E-09,2.34E-09,4.46E-09,8.67E-09
-8.85,8.50E-10,1.05E-09,1.39E-09,1.74E-09,2.48E-09,4.53E-09,9.07E-09
-8.8,8.45E-10,1.07E-09,1.47E-09,1.75E-09,2.48E-09,4.68E-09,9.22E-09
-8.75,9.43E-10,1.09E-09,1.54E-09,1.88E-09,2.65E-09,4.78E-09,9.18E-09
-8.7,9.21E-10,1.22E-09,1.54E-09,1.91E-09,2.67E-09,4.88E-09,9.61E-09
-8.65,9.59E-10,1.29E-09,1.63E-09,2.02E-09,2.79E-09,5.10E-09,9.79E-09
-8.6,1.03E-09,1.23E-09,1.66E-09,2.10E-09,2.92E-09,5.17E-09,1.01E-08
-8.55,1.01E-09,1.31E-09,1.78E-09,2.13E-09,2.97E-09,5.37E-09,1.03E-08
-8.5,1.13E-09,1.36E-09,1.82E-09,2.27E-09,3.15E-09,5.52E-09,1.04E-08
-8.45,1.24E-09,1.37E-09,1.84E-09,2.27E-09,3.16E-09,5.61E-09,1.07E-08
-8.4,1.24E-09,1.48E-09,1.99E-09,2.39E-09,3.29E-09,5.86E-09,1.09E-08
-8.35,1.21E-09,1.50E-09,2.00E-09,2.53E-09,3.39E-09,5.90E-09,1.13E-08
-8.3,1.32E-09,1.53E-09,2.13E-09,2.53E-09,3.45E-09,6.12E-09,1.13E-08
-8.25,1.27E-09,1.54E-09,2.19E-09,2.69E-09,3.66E-09,6.32E-09,1.15E-08
-8.2,1.35E-09,1.61E-09,2.22E-09,2.73E-09,3.75E-09,6.34E-09,1.17E-08
-8.15,1.39E-09,1.74E-09,2.39E-09,2.83E-09,3.85E-09,6.65E-09,1.20E-08
-8.1,1.35E-09,1.76E-09,2.39E-09,2.96E-09,4.05E-09,6.84E-09,1.20E-08
-8.05,1.49E-09,1.85E-09,2.50E-09,3.01E-09,4.13E-09,6.86E-09,1.23E-08
-8,1.51E-09,1.89E-09,2.59E-09,3.18E-09,4.30E-09,7.12E-09,1.24E-08
-7.95,1.58E-09,1.94E-09,2.63E-09,3.24E-09,4.38E-09,7.27E-09,1.27E-08
-7.9,1.66E-09,2.06E-09,2.80E-09,3.32E-09,4.50E-09,7.50E-09,1.29E-08
-7.85,1.66E-09,2.08E-09,2.80E-09,3.51E-09,4.69E-09,7.64E-09,1.33E-08
-7.8,1.77E-09,2.24E-09,2.91E-09,3.57E-09,4.77E-09,7.87E-09,1.34E-08
-7.75,1.81E-09,2.22E-09,3.05E-09,3.72E-09,5.03E-09,8.06E-09,1.36E-08
-7.7,1.82E-09,2.34E-09,3.10E-09,3.81E-09,5.09E-09,8.18E-09,1.42E-08
-7.65,1.96E-09,2.45E-09,3.24E-09,3.95E-09,5.28E-09,8.43E-09,1.44E-08
-7.6,1.98E-09,2.42E-09,3.30E-09,4.12E-09,5.44E-09,8.62E-09,1.45E-08
-7.55,2.07E-09,2.59E-09,3.44E-09,4.13E-09,5.53E-09,8.76E-09,1.47E-08
-7.5,2.18E-09,2.68E-09,3.56E-09,4.35E-09,5.75E-09,8.98E-09,1.49E-08
-7.45,2.19E-09,2.75E-09,3.62E-09,4.42E-09,5.85E-09,9.11E-09,1.51E-08
-7.4,2.34E-09,2.87E-09,3.83E-09,4.57E-09,6.11E-09,9.36E-09,1.54E-08
-7.35,2.40E-09,2.86E-09,3.84E-09,4.69E-09,6.22E-09,9.52E-09,1.56E-08
-7.3,2.44E-09,3.01E-09,3.96E-09,4.83E-09,6.35E-09,9.72E-09,1.60E-08
-7.25,2.55E-09,3.11E-09,4.17E-09,5.01E-09,6.54E-09,9.91E-09,1.61E-08
-7.2,2.58E-09,3.18E-09,4.21E-09,5.03E-09,6.66E-09,1.01E-08,1.64E-08
-7.15,2.65E-09,3.33E-09,4.41E-09,5.28E-09,6.87E-09,1.04E-08,1.68E-08
-7.1,2.79E-09,3.40E-09,4.44E-09,5.41E-09,7.07E-09,1.05E-08,1.70E-08
-7.05,2.79E-09,3.48E-09,4.63E-09,5.51E-09,7.22E-09,1.08E-08,1.74E-08
-7,2.98E-09,3.59E-09,4.78E-09,5.73E-09,7.47E-09,1.11E-08,1.74E-08
-6.95,3.00E-09,3.65E-09,4.82E-09,5.83E-09,7.59E-09,1.12E-08,1.76E-08
-6.9,3.06E-09,3.85E-09,5.08E-09,6.06E-09,7.79E-09,1.15E-08,1.79E-08
-6.85,3.29E-09,3.92E-09,5.07E-09,6.16E-09,7.99E-09,1.20E-08,1.84E-08
-6.8,3.25E-09,4.01E-09,5.26E-09,6.29E-09,8.08E-09,1.21E-08,1.87E-08
-6.75,3.39E-09,4.16E-09,5.42E-09,6.53E-09,8.39E-09,1.23E-08,1.88E-08
-6.7,3.46E-09,4.22E-09,5.53E-09,6.61E-09,8.50E-09,1.25E-08,1.91E-08
-6.65,3.52E-09,4.42E-09,5.76E-09,6.88E-09,8.69E-09,1.27E-08,1.95E-08
-6.6,3.71E-09,4.45E-09,5.89E-09,6.98E-09,8.92E-09,1.29E-08,1.96E-08
-6.55,3.78E-09,4.59E-09,6.00E-09,7.19E-09,9.05E-09,1.32E-08,1.98E-08
-6.5,3.88E-09,4.74E-09,6.19E-09,7.37E-09,9.32E-09,1.33E-08,2.00E-08
-6.45,4.00E-09,4.91E-09,6.24E-09,7.50E-09,9.48E-09,1.37E-08,2.04E-08
-6.4,3.99E-09,5.04E-09,6.51E-09,7.74E-09,9.65E-09,1.38E-08,2.07E-08
-6.35,4.27E-09,5.07E-09,6.58E-09,7.85E-09,9.84E-09,1.41E-08,2.09E-08
-6.3,4.24E-09,5.33E-09,6.71E-09,8.06E-09,9.97E-09,1.42E-08,2.12E-08
-6.25,4.48E-09,5.36E-09,6.95E-09,8.19E-09,1.03E-08,1.45E-08,2.12E-08
-6.2,4.56E-09,5.53E-09,7.08E-09,8.31E-09,1.05E-08,1.47E-08,2.15E-08
-6.15,4.63E-09,5.67E-09,7.29E-09,8.61E-09,1.07E-08,1.49E-08,2.18E-08
-6.1,4.85E-09,5.76E-09,7.34E-09,8.69E-09,1.09E-08,1.52E-08,2.21E-08
-6.05,4.90E-09,6.01E-09,7.58E-09,9.00E-09,1.11E-08,1.54E-08,2.23E-08
-6,5.02E-09,6.02E-09,7.77E-09,9.17E-09,1.14E-08,1.57E-08,2.27E-08
-5.95,5.15E-09,6.22E-09,7.86E-09,9.32E-09,1.15E-08,1.58E-08,2.30E-08
-5.9,5.27E-09,6.37E-09,8.10E-09,9.55E-09,1.20E-08,1.61E-08,2.32E-08
-5.85,5.38E-09,6.51E-09,8.24E-09,9.71E-09,1.21E-08,1.63E-08,2.35E-08
-5.8,5.57E-09,6.69E-09,8.42E-09,9.93E-09,1.23E-08,1.66E-08,2.37E-08
-5.75,5.71E-09,6.75E-09,8.63E-09,1.01E-08,1.25E-08,1.68E-08,2.40E-08
-5.7,5.89E-09,7.02E-09,8.72E-09,1.02E-08,1.27E-08,1.71E-08,2.41E-08
-5.65,5.91E-09,7.19E-09,9.00E-09,1.05E-08,1.29E-08,1.73E-08,2.45E-08
-5.6,6.10E-09,7.33E-09,9.09E-09,1.06E-08,1.31E-08,1.75E-08,2.47E-08
-5.55,6.27E-09,7.44E-09,9.34E-09,1.09E-08,1.33E-08,1.78E-08,2.50E-08
-5.5,6.31E-09,7.56E-09,9.56E-09,1.11E-08,1.35E-08,1.80E-08,2.51E-08
-5.45,6.56E-09,7.83E-09,9.60E-09,1.13E-08,1.37E-08,1.83E-08,2.55E-08
-5.4,6.68E-09,7.93E-09,9.94E-09,1.15E-08,1.40E-08,1.85E-08,2.57E-08
-5.35,6.83E-09,8.11E-09,1.00E-08,1.21E-08,1.42E-08,1.87E-08,2.60E-08
-5.3,7.09E-09,8.22E-09,1.02E-08,1.20E-08,1.44E-08,1.89E-08,2.63E-08
-5.25,7.18E-09,8.40E-09,1.05E-08,1.23E-08,1.46E-08,1.93E-08,2.66E-08
-5.2,7.33E-09,8.54E-09,1.06E-08,1.23E-08,1.49E-08,1.94E-08,2.70E-08
-5.15,7.50E-09,8.79E-09,1.09E-08,1.26E-08,1.51E-08,1.97E-08,2.71E-08
-5.1,7.63E-09,8.96E-09,1.09E-08,1.28E-08,1.53E-08,1.99E-08,2.75E-08
-5.05,7.87E-09,9.09E-09,1.13E-08,1.30E-08,1.55E-08,2.02E-08,2.76E-08
-5,7.85E-09,9.25E-09,1.14E-08,1.32E-08,1.58E-08,2.03E-08,2.80E-08
-4.95,8.06E-09,9.48E-09,1.18E-08,1.34E-08,1.59E-08,2.06E-08,2.83E-08
-4.9,8.26E-09,9.67E-09,1.18E-08,1.36E-08,1.62E-08,2.08E-08,2.87E-08
-4.85,8.30E-09,9.79E-09,1.21E-08,1.37E-08,1.63E-08,2.11E-08,2.88E-08
-4.8,8.55E-09,1.00E-08,1.22E-08,1.40E-08,1.66E-08,2.14E-08,2.90E-08
-4.75,8.66E-09,1.02E-08,1.25E-08,1.42E-08,1.68E-08,2.16E-08,2.92E-08
-4.7,8.88E-09,1.04E-08,1.26E-08,1.45E-08,1.71E-08,2.19E-08,2.95E-08
-4.65,9.05E-09,1.06E-08,1.28E-08,1.46E-08,1.73E-08,2.20E-08,2.99E-08
-4.6,9.10E-09,1.07E-08,1.30E-08,1.49E-08,1.75E-08,2.23E-08,3.01E-08
-4.55,9.35E-09,1.09E-08,1.32E-08,1.50E-08,1.78E-08,2.26E-08,3.04E-08
-4.5,9.60E-09,1.11E-08,1.34E-08,1.53E-08,1.79E-08,2.29E-08,3.07E-08
-4.45,9.69E-09,1.13E-08,1.36E-08,1.54E-08,1.83E-08,2.31E-08,3.10E-08
-4.4,1.00E-08,1.15E-08,1.38E-08,1.56E-08,1.84E-08,2.33E-08,3.12E-08
-4.35,1.01E-08,1.19E-08,1.39E-08,1.59E-08,1.87E-08,2.36E-08,3.14E-08
-4.3,1.04E-08,1.19E-08,1.42E-08,1.60E-08,1.89E-08,2.38E-08,3.16E-08
-4.25,1.05E-08,1.21E-08,1.43E-08,1.63E-08,1.92E-08,2.41E-08,3.20E-08
-4.2,1.06E-08,1.22E-08,1.46E-08,1.65E-08,1.93E-08,2.42E-08,3.22E-08
-4.15,1.09E-08,1.25E-08,1.47E-08,1.68E-08,1.96E-08,2.46E-08,3.25E-08
-4.1,1.10E-08,1.26E-08,1.50E-08,1.69E-08,1.98E-08,2.47E-08,3.28E-08
-4.05,1.12E-08,1.28E-08,1.51E-08,1.71E-08,2.00E-08,2.51E-08,3.31E-08
-4,1.13E-08,1.29E-08,1.54E-08,1.74E-08,2.03E-08,2.52E-08,3.34E-08
-3.95,1.15E-08,1.32E-08,1.55E-08,1.76E-08,2.05E-08,2.54E-08,3.36E-08
-3.9,1.19E-08,1.34E-08,1.57E-08,1.78E-08,2.07E-08,2.57E-08,3.39E-08
-3.85,1.20E-08,1.35E-08,1.59E-08,1.79E-08,2.10E-08,2.59E-08,3.41E-08
-3.8,1.21E-08,1.38E-08,1.61E-08,1.82E-08,2.12E-08,2.62E-08,3.43E-08
-3.75,1.23E-08,1.39E-08,1.63E-08,1.84E-08,2.14E-08,2.64E-08,3.45E-08
-3.7,1.24E-08,1.41E-08,1.65E-08,1.87E-08,2.17E-08,2.67E-08,3.48E-08
-3.65,1.27E-08,1.43E-08,1.67E-08,1.88E-08,2.19E-08,2.69E-08,3.50E-08
-3.6,1.28E-08,1.45E-08,1.69E-08,1.91E-08,2.21E-08,2.72E-08,3.53E-08
-3.55,1.30E-08,1.47E-08,1.71E-08,1.92E-08,2.23E-08,2.74E-08,3.55E-08
-3.5,1.31E-08,1.49E-08,1.72E-08,1.95E-08,2.26E-08,2.76E-08,3.58E-08
-3.45,1.33E-08,1.50E-08,1.75E-08,1.97E-08,2.28E-08,2.78E-08,3.61E-08
-3.4,1.35E-08,1.52E-08,1.77E-08,1.99E-08,2.30E-08,2.81E-08,3.63E-08
-3.35,1.37E-08,1.54E-08,1.79E-08,2.02E-08,2.33E-08,2.84E-08,3.66E-08
-3.3,1.38E-08,1.55E-08,1.80E-08,2.03E-08,2.34E-08,2.85E-08,3.69E-08
-3.25,1.40E-08,1.58E-08,1.83E-08,2.06E-08,2.37E-08,2.88E-08,3.72E-08
-3.2,1.42E-08,1.60E-08,1.86E-08,2.07E-08,2.39E-08,2.90E-08,3.73E-08
-3.15,1.43E-08,1.62E-08,1.87E-08,2.10E-08,2.42E-08,2.93E-08,3.76E-08
-3.1,1.47E-08,1.63E-08,1.89E-08,2.12E-08,2.43E-08,2.95E-08,3.79E-08
-3.05,1.47E-08,1.66E-08,1.90E-08,2.15E-08,2.46E-08,2.98E-08,3.81E-08
-3,1.50E-08,1.67E-08,1.93E-08,2.15E-08,2.48E-08,3.00E-08,3.83E-08
-2.95,1.51E-08,1.69E-08,1.94E-08,2.19E-08,2.50E-08,3.03E-08,3.87E-08
-2.9,1.53E-08,1.71E-08,1.97E-08,2.20E-08,2.52E-08,3.05E-08,3.88E-08
-2.85,1.54E-08,1.73E-08,1.98E-08,2.23E-08,2.55E-08,3.07E-08,3.94E-08
-2.8,1.56E-08,1.75E-08,2.00E-08,2.25E-08,2.57E-08,3.10E-08,3.95E-08
-2.75,1.58E-08,1.77E-08,2.03E-08,2.27E-08,2.59E-08,3.11E-08,3.97E-08
-2.7,1.60E-08,1.79E-08,2.04E-08,2.29E-08,2.62E-08,3.15E-08,3.99E-08
-2.65,1.60E-08,1.80E-08,2.07E-08,2.30E-08,2.63E-08,3.16E-08,4.01E-08
-2.6,1.63E-08,1.83E-08,2.08E-08,2.33E-08,2.66E-08,3.19E-08,4.04E-08
-2.55,1.65E-08,1.84E-08,2.10E-08,2.35E-08,2.67E-08,3.21E-08,4.07E-08
-2.5,1.67E-08,1.87E-08,2.12E-08,2.37E-08,2.71E-08,3.24E-08,4.10E-08
-2.45,1.68E-08,1.88E-08,2.15E-08,2.39E-08,2.73E-08,3.26E-08,4.11E-08
-2.4,1.71E-08,1.91E-08,2.16E-08,2.41E-08,2.75E-08,3.29E-08,4.15E-08
-2.35,1.72E-08,1.92E-08,2.18E-08,2.43E-08,2.77E-08,3.30E-08,4.17E-08
-2.3,1.74E-08,1.94E-08,2.20E-08,2.45E-08,2.79E-08,3.33E-08,4.21E-08
-2.25,1.76E-08,1.96E-08,2.22E-08,2.48E-08,2.81E-08,3.35E-08,4.22E-08
-2.2,1.77E-08,1.98E-08,2.25E-08,2.49E-08,2.83E-08,3.37E-08,4.23E-08
-2.15,1.79E-08,2.00E-08,2.26E-08,2.52E-08,2.86E-08,3.40E-08,4.26E-08
-2.1,1.80E-08,2.02E-08,2.29E-08,2.53E-08,2.88E-08,3.42E-08,4.29E-08
-2.05,1.82E-08,2.04E-08,2.30E-08,2.56E-08,2.91E-08,3.45E-08,4.34E-08
-2,1.84E-08,2.05E-08,2.32E-08,2.57E-08,2.92E-08,3.46E-08,4.37E-08
-1.95,1.86E-08,2.07E-08,2.34E-08,2.60E-08,2.95E-08,3.50E-08,4.39E-08
-1.9,1.88E-08,2.08E-08,2.36E-08,2.62E-08,2.97E-08,3.51E-08,4.40E-08
-1.85,1.90E-08,2.11E-08,2.38E-08,2.64E-08,2.99E-08,3.54E-08,4.43E-08
-1.8,1.92E-08,2.13E-08,2.39E-08,2.65E-08,3.02E-08,3.56E-08,4.47E-08
-1.75,1.94E-08,2.15E-08,2.42E-08,2.68E-08,3.03E-08,3.58E-08,4.48E-08
-1.7,1.95E-08,2.17E-08,2.43E-08,2.70E-08,3.06E-08,3.60E-08,4.50E-08
-1.65,1.97E-08,2.18E-08,2.46E-08,2.72E-08,3.07E-08,3.63E-08,4.53E-08
-1.6,1.99E-08,2.20E-08,2.47E-08,2.74E-08,3.10E-08,3.65E-08,4.55E-08
-1.55,2.01E-08,2.21E-08,2.49E-08,2.76E-08,3.12E-08,3.67E-08,4.56E-08
-1.5,2.02E-08,2.24E-08,2.50E-08,2.78E-08,3.15E-08,3.69E-08,4.59E-08
-1.45,2.04E-08,2.25E-08,2.53E-08,2.80E-08,3.16E-08,3.71E-08,4.61E-08
-1.4,2.06E-08,2.28E-08,2.54E-08,2.82E-08,3.19E-08,3.73E-08,4.64E-08
-1.35,2.06E-08,2.29E-08,2.57E-08,2.83E-08,3.20E-08,3.76E-08,4.66E-08
-1.3,2.08E-08,2.32E-08,2.59E-08,2.86E-08,3.23E-08,3.78E-08,4.70E-08
-1.25,2.10E-08,2.33E-08,2.60E-08,2.88E-08,3.25E-08,3.81E-08,4.71E-08
-1.2,2.12E-08,2.35E-08,2.63E-08,2.90E-08,3.27E-08,3.83E-08,4.73E-08
-1.15,2.13E-08,2.37E-08,2.64E-08,2.92E-08,3.29E-08,3.85E-08,4.77E-08
-1.1,2.15E-08,2.38E-08,2.66E-08,2.93E-08,3.31E-08,3.87E-08,4.78E-08
-1.05,2.16E-08,2.40E-08,2.67E-08,2.96E-08,3.34E-08,3.90E-08,4.80E-08
-1,2.19E-08,2.42E-08,2.69E-08,2.98E-08,3.35E-08,3.91E-08,4.82E-08
-0.95,2.20E-08,2.44E-08,2.71E-08,3.00E-08,3.38E-08,3.94E-08,4.86E-08
-0.9,2.23E-08,2.45E-08,2.74E-08,3.02E-08,3.39E-08,3.95E-08,4.88E-08
-0.85,2.25E-08,2.48E-08,2.75E-08,3.04E-08,3.42E-08,3.99E-08,4.88E-08
-0.8,2.27E-08,2.49E-08,2.77E-08,3.06E-08,3.44E-08,4.00E-08,4.91E-08
-0.75,2.28E-08,2.51E-08,2.79E-08,3.08E-08,3.46E-08,4.03E-08,4.93E-08
-0.7,2.30E-08,2.52E-08,2.81E-08,3.10E-08,3.47E-08,4.05E-08,4.96E-08
-0.65,2.32E-08,2.54E-08,2.83E-08,3.12E-08,3.50E-08,4.07E-08,4.99E-08
-0.6,2.33E-08,2.56E-08,2.85E-08,3.14E-08,3.52E-08,4.09E-08,5.02E-08
-0.55,2.35E-08,2.57E-08,2.87E-08,3.16E-08,3.54E-08,4.11E-08,5.05E-08
-0.5,2.37E-08,2.60E-08,2.88E-08,3.18E-08,3.56E-08,4.14E-08,5.06E-08
-0.45,2.38E-08,2.61E-08,2.91E-08,3.20E-08,3.58E-08,4.15E-08,5.07E-08
-0.4,2.39E-08,2.64E-08,2.92E-08,3.22E-08,3.60E-08,4.19E-08,5.10E-08
-0.35,2.41E-08,2.65E-08,2.94E-08,3.23E-08,3.62E-08,4.20E-08,5.13E-08
-0.3,2.43E-08,2.68E-08,2.96E-08,3.26E-08,3.65E-08,4.23E-08,5.15E-08
-0.25,2.45E-08,2.69E-08,2.97E-08,3.28E-08,3.66E-08,4.25E-08,5.18E-08
-0.2,2.47E-08,2.72E-08,2.99E-08,3.30E-08,3.69E-08,4.28E-08,5.19E-08
-0.15,2.50E-08,2.73E-08,3.01E-08,3.33E-08,3.71E-08,4.30E-08,5.22E-08
-0.1,2.51E-08,2.75E-08,3.04E-08,3.34E-08,3.74E-08,4.33E-08,5.25E-08
-0.05,2.54E-08,2.78E-08,3.06E-08,3.37E-08,3.76E-08,4.35E-08,5.27E-08
0,2.55E-08,2.80E-08,3.09E-08,3.39E-08,3.79E-08,4.38E-08,5.30E-08
0.05,2.57E-08,2.83E-08,3.11E-08,3.42E-08,3.81E-08,4.42E-08,5.33E-08
0.1,2.60E-08,2.85E-08,3.14E-08,3.44E-08,3.85E-08,4.45E-08,5.37E-08
0.15,2.63E-08,2.88E-08,3.16E-08,3.48E-08,3.87E-08,4.48E-08,5.40E-08
0.2,2.65E-08,2.90E-08,3.19E-08,3.51E-08,3.91E-08,4.51E-08,5.44E-08
0.25,2.69E-08,2.93E-08,3.22E-08,3.54E-08,3.94E-08,4.54E-08,5.49E-08
0.3,2.70E-08,2.96E-08,3.25E-08,3.57E-08,3.98E-08,4.59E-08,5.52E-08
0.35,2.74E-08,2.99E-08,3.28E-08,3.60E-08,4.01E-08,4.62E-08,5.55E-08
0.4,2.76E-08,3.02E-08,3.31E-08,3.64E-08,4.05E-08,4.66E-08,5.60E-08
0.45,2.80E-08,3.05E-08,3.34E-08,3.67E-08,4.08E-08,4.69E-08,5.63E-08
0.5,2.83E-08,3.08E-08,3.38E-08,3.70E-08,4.12E-08,4.73E-08,5.66E-08
0.55,2.86E-08,3.11E-08,3.41E-08,3.74E-08,4.16E-08,4.77E-08,5.71E-08
0.6,2.88E-08,3.14E-08,3.44E-08,3.77E-08,4.20E-08,4.81E-08,5.77E-08
0.65,2.91E-08,3.17E-08,3.46E-08,3.80E-08,4.23E-08,4.85E-08,5.80E-08
0.7,2.94E-08,3.21E-08,3.50E-08,3.84E-08,4.27E-08,4.89E-08,5.85E-08
0.75,2.98E-08,3.24E-08,3.53E-08,3.87E-08,4.30E-08,4.92E-08,5.87E-08
0.8,3.00E-08,3.27E-08,3.57E-08,3.91E-08,4.34E-08,4.97E-08,5.92E-08
0.85,3.03E-08,3.30E-08,3.60E-08,3.94E-08,4.37E-08,5.00E-08,5.96E-08
0.9,3.06E-08,3.33E-08,3.63E-08,3.99E-08,4.41E-08,5.05E-08,6.01E-08
0.95,3.10E-08,3.37E-08,3.66E-08,4.01E-08,4.45E-08,5.08E-08,6.05E-08
1,3.13E-08,3.40E-08,3.70E-08,4.06E-08,4.49E-08,5.13E-08,6.10E-08
1.05,3.16E-08,3.43E-08,3.73E-08,4.09E-08,4.52E-08,5.16E-08,6.16E-08
1.1,3.19E-08,3.46E-08,3.77E-08,4.12E-08,4.57E-08,5.21E-08,6.19E-08
1.15,3.23E-08,3.50E-08,3.80E-08,4.15E-08,4.60E-08,5.23E-08,6.22E-08
1.2,3.25E-08,3.53E-08,3.83E-08,4.19E-08,4.64E-08,5.29E-08,6.27E-08
1.25,3.30E-08,3.56E-08,3.86E-08,4.22E-08,4.67E-08,5.32E-08,6.31E-08
1.3,3.31E-08,3.60E-08,3.90E-08,4.27E-08,4.72E-08,5.36E-08,6.36E-08
1.35,3.35E-08,3.62E-08,3.93E-08,4.30E-08,4.75E-08,5.40E-08,6.40E-08
1.4,3.37E-08,3.66E-08,3.97E-08,4.34E-08,4.79E-08,5.44E-08,6.44E-08
1.45,3.41E-08,3.69E-08,4.00E-08,4.37E-08,4.82E-08,5.47E-08,6.47E-08
1.5,3.44E-08,3.73E-08,4.03E-08,4.41E-08,4.87E-08,5.52E-08,6.51E-08
1.55,3.47E-08,3.75E-08,4.07E-08,4.44E-08,4.90E-08,5.56E-08,6.55E-08
1.6,3.50E-08,3.79E-08,4.10E-08,4.48E-08,4.94E-08,5.60E-08,6.61E-08
1.65,3.53E-08,3.82E-08,4.13E-08,4.51E-08,4.97E-08,5.64E-08,6.65E-08
1.7,3.56E-08,3.86E-08,4.17E-08,4.55E-08,5.02E-08,5.68E-08,6.69E-08
1.75,3.60E-08,3.89E-08,4.20E-08,4.58E-08,5.05E-08,5.72E-08,6.72E-08
1.8,3.63E-08,3.92E-08,4.23E-08,4.62E-08,5.09E-08,5.76E-08,6.78E-08
1.85,3.65E-08,3.94E-08,4.28E-08,4.65E-08,5.12E-08,5.80E-08,6.80E-08
1.9,3.69E-08,3.98E-08,4.31E-08,4.69E-08,5.17E-08,5.84E-08,6.85E-08
1.95,3.72E-08,4.01E-08,4.34E-08,4.72E-08,5.20E-08,5.88E-08,6.89E-08
2,3.76E-08,4.05E-08,4.37E-08,4.76E-08,5.24E-08,5.92E-08,6.93E-08
2.05,3.78E-08,4.08E-08,4.41E-08,4.79E-08,5.27E-08,5.96E-08,6.98E-08
2.1,3.82E-08,4.11E-08,4.43E-08,4.83E-08,5.31E-08,6.00E-08,7.02E-08
2.15,3.84E-08,4.14E-08,4.47E-08,4.86E-08,5.35E-08,6.03E-08,7.06E-08
2.2,3.87E-08,4.18E-08,4.50E-08,4.90E-08,5.39E-08,6.07E-08,7.12E-08
2.25,3.90E-08,4.21E-08,4.54E-08,4.93E-08,5.42E-08,6.11E-08,7.14E-08
2.3,3.94E-08,4.24E-08,4.57E-08,4.98E-08,5.46E-08,6.15E-08,7.19E-08
2.35,3.96E-08,4.26E-08,4.61E-08,5.00E-08,5.50E-08,6.19E-08,7.23E-08
2.4,4.00E-08,4.30E-08,4.63E-08,5.04E-08,5.53E-08,6.23E-08,7.27E-08
2.45,4.02E-08,4.32E-08,4.67E-08,5.07E-08,5.57E-08,6.27E-08,7.31E-08
2.5,4.06E-08,4.36E-08,4.70E-08,5.11E-08,5.61E-08,6.31E-08,7.35E-08
2.55,4.09E-08,4.39E-08,4.74E-08,5.14E-08,5.64E-08,6.34E-08,7.41E-08
2.6,4.12E-08,4.43E-08,4.76E-08,5.18E-08,5.67E-08,6.38E-08,7.43E-08
2.65,4.15E-08,4.45E-08,4.81E-08,5.21E-08,5.71E-08,6.42E-08,7.48E-08
2.7,4.19E-08,4.49E-08,4.83E-08,5.25E-08,5.75E-08,6.45E-08,7.52E-08
2.75,4.21E-08,4.52E-08,4.87E-08,5.28E-08,5.79E-08,6.50E-08,7.56E-08
2.8,4.25E-08,4.56E-08,4.90E-08,5.32E-08,5.82E-08,6.53E-08,7.61E-08
2.85,4.27E-08,4.59E-08,4.93E-08,5.34E-08,5.86E-08,6.58E-08,7.64E-08
2.9,4.30E-08,4.62E-08,4.96E-08,5.39E-08,5.90E-08,6.61E-08,7.68E-08
2.95,4.34E-08,4.65E-08,5.00E-08,5.42E-08,5.94E-08,6.65E-08,7.73E-08
3,4.37E-08,4.68E-08,5.03E-08,5.46E-08,5.97E-08,6.69E-08,7.75E-08
3.05,4.40E-08,4.71E-08,5.06E-08,5.49E-08,6.01E-08,6.73E-08,7.82E-08
3.1,4.43E-08,4.75E-08,5.10E-08,5.52E-08,6.04E-08,6.77E-08,7.83E-08
3.15,4.45E-08,4.78E-08,5.13E-08,5.56E-08,6.09E-08,6.81E-08,7.88E-08
3.2,4.49E-08,4.81E-08,5.16E-08,5.59E-08,6.11E-08,6.84E-08,7.93E-08
3.25,4.52E-08,4.84E-08,5.19E-08,5.63E-08,6.16E-08,6.88E-08,7.96E-08
3.3,4.54E-08,4.87E-08,5.23E-08,5.66E-08,6.18E-08,6.92E-08,7.99E-08
3.35,4.57E-08,4.91E-08,5.26E-08,5.70E-08,6.23E-08,6.96E-08,8.04E-08
3.4,4.61E-08,4.93E-08,5.29E-08,5.73E-08,6.26E-08,6.99E-08,8.07E-08
3.45,4.64E-08,4.97E-08,5.32E-08,5.77E-08,6.30E-08,7.04E-08,8.13E-08
3.5,4.67E-08,4.99E-08,5.36E-08,5.80E-08,6.33E-08,7.07E-08,8.16E-08
3.55,4.71E-08,5.03E-08,5.39E-08,5.83E-08,6.37E-08,7.11E-08,8.21E-08
3.6,4.73E-08,5.06E-08,5.42E-08,5.87E-08,6.40E-08,7.14E-08,8.26E-08
3.65,4.77E-08,5.10E-08,5.46E-08,5.90E-08,6.45E-08,7.19E-08,8.30E-08
3.7,4.79E-08,5.12E-08,5.49E-08,5.93E-08,6.47E-08,7.22E-08,8.32E-08
3.75,4.83E-08,5.16E-08,5.53E-08,5.97E-08,6.51E-08,7.27E-08,8.36E-08
3.8,4.85E-08,5.18E-08,5.56E-08,6.00E-08,6.54E-08,7.30E-08,8.39E-08
3.85,4.89E-08,5.22E-08,5.59E-08,6.04E-08,6.58E-08,7.34E-08,8.45E-08
3.9,4.91E-08,5.25E-08,5.62E-08,6.07E-08,6.61E-08,7.37E-08,8.48E-08
3.95,4.95E-08,5.29E-08,5.65E-08,6.12E-08,6.66E-08,7.41E-08,8.52E-08
4,4.97E-08,5.31E-08,5.69E-08,6.14E-08,6.68E-08,7.45E-08,8.55E-08
4.05,5.00E-08,5.35E-08,5.71E-08,6.18E-08,6.73E-08,7.49E-08,8.62E-08
4.1,5.03E-08,5.37E-08,5.75E-08,6.21E-08,6.76E-08,7.52E-08,8.64E-08
4.15,5.06E-08,5.41E-08,5.78E-08,6.25E-08,6.79E-08,7.56E-08,8.68E-08
4.2,5.09E-08,5.43E-08,5.82E-08,6.27E-08,6.83E-08,7.60E-08,8.72E-08
4.25,5.12E-08,5.47E-08,5.84E-08,6.32E-08,6.87E-08,7.63E-08,8.78E-08
4.3,5.15E-08,5.49E-08,5.88E-08,6.34E-08,6.90E-08,7.68E-08,8.81E-08
4.35,5.18E-08,5.53E-08,5.90E-08,6.38E-08,6.94E-08,7.71E-08,8.85E-08
4.4,5.21E-08,5.56E-08,5.94E-08,6.42E-08,6.97E-08,7.75E-08,8.89E-08
4.45,5.24E-08,5.59E-08,5.97E-08,6.45E-08,7.01E-08,7.78E-08,8.92E-08
4.5,5.27E-08,5.62E-08,6.00E-08,6.48E-08,7.04E-08,7.82E-08,8.96E-08
4.55,5.30E-08,5.66E-08,6.04E-08,6.52E-08,7.08E-08,7.86E-08,9.00E-08
4.6,5.33E-08,5.68E-08,6.07E-08,6.54E-08,7.11E-08,7.90E-08,9.03E-08
4.65,5.36E-08,5.72E-08,6.09E-08,6.58E-08,7.15E-08,7.93E-08,9.07E-08
4.7,5.39E-08,5.74E-08,6.13E-08,6.61E-08,7.18E-08,7.97E-08,9.11E-08
4.75,5.42E-08,5.77E-08,6.16E-08,6.65E-08,7.22E-08,8.01E-08,9.16E-08
4.8,5.45E-08,5.80E-08,6.20E-08,6.68E-08,7.25E-08,8.04E-08,9.20E-08
4.85,5.49E-08,5.84E-08,6.22E-08,6.71E-08,7.29E-08,8.07E-08,9.24E-08
4.9,5.51E-08,5.87E-08,6.26E-08,6.74E-08,7.32E-08,8.11E-08,9.28E-08
4.95,5.54E-08,5.90E-08,6.28E-08,6.78E-08,7.36E-08,8.15E-08,9.31E-08
5,5.57E-08,5.93E-08,6.32E-08,6.81E-08,7.39E-08,8.19E-08,9.35E-08
5.05,5.60E-08,5.96E-08,6.34E-08,6.84E-08,7.43E-08,8.22E-08,9.38E-08
5.1,5.63E-08,5.99E-08,6.39E-08,6.87E-08,7.46E-08,8.26E-08,9.41E-08
5.15,5.65E-08,6.02E-08,6.41E-08,6.91E-08,7.50E-08,8.29E-08,9.45E-08
5.2,5.70E-08,6.05E-08,6.45E-08,6.95E-08,7.53E-08,8.34E-08,9.50E-08
5.25,5.72E-08,6.08E-08,6.47E-08,6.98E-08,7.56E-08,8.36E-08,9.52E-08
5.3,5.75E-08,6.11E-08,6.51E-08,7.01E-08,7.60E-08,8.40E-08,9.57E-08
5.35,5.77E-08,6.14E-08,6.54E-08,7.04E-08,7.63E-08,8.43E-08,9.61E-08
5.4,5.81E-08,6.17E-08,6.57E-08,7.07E-08,7.66E-08,8.48E-08,9.66E-08
5.45,5.84E-08,6.20E-08,6.59E-08,7.11E-08,7.70E-08,8.50E-08,9.69E-08
5.5,5.87E-08,6.23E-08,6.63E-08,7.14E-08,7.73E-08,8.55E-08,9.73E-08
5.55,5.90E-08,6.26E-08,6.66E-08,7.17E-08,7.76E-08,8.57E-08,9.76E-08
5.6,5.93E-08,6.29E-08,6.70E-08,7.20E-08,7.80E-08,8.62E-08,9.80E-08
5.65,5.95E-08,6.32E-08,6.72E-08,7.24E-08,7.83E-08,8.65E-08,9.84E-08
5.7,5.98E-08,6.35E-08,6.76E-08,7.26E-08,7.87E-08,8.70E-08,9.88E-08
5.75,6.00E-08,6.38E-08,6.78E-08,7.30E-08,7.90E-08,8.73E-08,9.93E-08
5.8,6.04E-08,6.41E-08,6.82E-08,7.33E-08,7.94E-08,8.76E-08,9.96E-08
5.85,6.07E-08,6.44E-08,6.85E-08,7.36E-08,7.96E-08,8.79E-08,9.99E-08
5.9,6.10E-08,6.47E-08,6.88E-08,7.39E-08,8.01E-08,8.83E-08,1.00E-07
5.95,6.13E-08,6.50E-08,6.91E-08,7.43E-08,8.03E-08,8.87E-08,1.01E-07
6,6.15E-08,6.53E-08,6.94E-08,7.46E-08,8.08E-08,8.91E-08,1.01E-07
6.05,6.18E-08,6.56E-08,6.97E-08,7.49E-08,8.10E-08,8.93E-08,1.02E-07
6.1,6.21E-08,6.59E-08,7.00E-08,7.52E-08,8.14E-08,8.98E-08,1.02E-07
6.15,6.24E-08,6.62E-08,7.03E-08,7.55E-08,8.17E-08,9.01E-08,1.02E-07
6.2,6.27E-08,6.65E-08,7.06E-08,7.59E-08,8.21E-08,9.05E-08,1.03E-07
6.25,6.30E-08,6.68E-08,7.09E-08,7.61E-08,8.23E-08,9.08E-08,1.03E-07
6.3,6.33E-08,6.71E-08,7.13E-08,7.65E-08,8.27E-08,9.12E-08,1.03E-07
6.35,6.36E-08,6.74E-08,7.16E-08,7.68E-08,8.30E-08,9.15E-08,1.04E-07
6.4,6.39E-08,6.77E-08,7.18E-08,7.72E-08,8.34E-08,9.19E-08,1.04E-07
6.45,6.41E-08,6.80E-08,7.21E-08,7.74E-08,8.37E-08,9.22E-08,1.05E-07
6.5,6.45E-08,6.83E-08,7.25E-08,7.78E-08,8.41E-08,9.26E-08,1.05E-07
6.55,6.48E-08,6.85E-08,7.28E-08,7.80E-08,8.44E-08,9.29E-08,1.05E-07
6.6,6.50E-08,6.88E-08,7.31E-08,7.84E-08,8.47E-08,9.32E-08,1.06E-07
6.65,6.53E-08,6.91E-08,7.34E-08,7.87E-08,8.51E-08,9.36E-08,1.06E-07
6.7,6.55E-08,6.94E-08,7.37E-08,7.91E-08,8.54E-08,9.40E-08,1.06E-07
6.75,6.59E-08,6.97E-08,7.40E-08,7.93E-08,8.57E-08,9.43E-08,1.07E-07
6.8,6.61E-08,7.01E-08,7.43E-08,7.97E-08,8.60E-08,9.47E-08,1.07E-07
6.85,6.65E-08,7.02E-08,7.46E-08,8.00E-08,8.64E-08,9.50E-08,1.08E-07
6.9,6.67E-08,7.06E-08,7.49E-08,8.03E-08,8.68E-08,9.54E-08,1.08E-07
6.95,6.71E-08,7.08E-08,7.52E-08,8.06E-08,8.71E-08,9.57E-08,1.08E-07
7,6.72E-08,7.12E-08,7.54E-08,8.10E-08,8.74E-08,9.60E-08,1.09E-07
7.05,6.75E-08,7.15E-08,7.58E-08,8.12E-08,8.78E-08,9.64E-08,1.09E-07
7.1,6.79E-08,7.18E-08,7.60E-08,8.15E-08,8.80E-08,9.67E-08,1.09E-07
7.15,6.82E-08,7.20E-08,7.63E-08,8.18E-08,8.84E-08,9.71E-08,1.10E-07
7.2,6.83E-08,7.24E-08,7.66E-08,8.21E-08,8.86E-08,9.73E-08,1.10E-07
7.25,6.87E-08,7.26E-08,7.70E-08,8.24E-08,8.90E-08,9.78E-08,1.10E-07
7.3,6.89E-08,7.30E-08,7.72E-08,8.28E-08,8.93E-08,9.81E-08,1.11E-07
7.35,6.93E-08,7.32E-08,7.76E-08,8.30E-08,8.97E-08,9.84E-08,1.11E-07
7.4,6.95E-08,7.35E-08,7.78E-08,8.33E-08,9.00E-08,9.90E-08,1.12E-07
7.45,6.98E-08,7.37E-08,7.82E-08,8.37E-08,9.04E-08,9.92E-08,1.12E-07
7.5,7.00E-08,7.41E-08,7.84E-08,8.40E-08,9.06E-08,9.95E-08,1.12E-07
7.55,7.03E-08,7.44E-08,7.88E-08,8.44E-08,9.10E-08,1.00E-07,1.13E-07
7.6,7.06E-08,7.47E-08,7.90E-08,8.47E-08,9.13E-08,1.00E-07,1.13E-07
7.65,7.09E-08,7.49E-08,7.94E-08,8.50E-08,9.16E-08,1.01E-07,1.13E-07
7.7,7.12E-08,7.52E-08,7.97E-08,8.53E-08,9.18E-08,1.01E-07,1.14E-07
7.75,7.14E-08,7.55E-08,8.00E-08,8.55E-08,9.23E-08,1.01E-07,1.14E-07
7.8,7.17E-08,7.59E-08,8.03E-08,8.58E-08,9.26E-08,1.02E-07,1.15E-07
7.85,7.19E-08,7.60E-08,8.06E-08,8.62E-08,9.30E-08,1.02E-07,1.15E-07
7.9,7.23E-08,7.63E-08,8.09E-08,8.65E-08,9.32E-08,1.02E-07,1.16E-07
7.95,7.25E-08,7.65E-08,8.12E-08,8.67E-08,9.36E-08,1.03E-07,1.16E-07
8,7.28E-08,7.69E-08,8.14E-08,8.70E-08,9.38E-08,1.03E-07,1.16E-07
8.05,7.31E-08,7.71E-08,8.18E-08,8.73E-08,9.43E-08,1.03E-07,1.16E-07
8.1,7.33E-08,7.75E-08,8.20E-08,8.76E-08,9.45E-08,1.04E-07,1.16E-07
8.15,7.37E-08,7.77E-08,8.23E-08,8.80E-08,9.49E-08,1.04E-07,1.17E-07
8.2,7.39E-08,7.80E-08,8.26E-08,8.83E-08,9.52E-08,1.04E-07,1.17E-07
8.25,7.41E-08,7.83E-08,8.29E-08,8.86E-08,9.56E-08,1.05E-07,1.17E-07
8.3,7.44E-08,7.87E-08,8.32E-08,8.89E-08,9.58E-08,1.05E-07,1.18E-07
8.35,7.47E-08,7.89E-08,8.35E-08,8.92E-08,9.62E-08,1.05E-07,1.18E-07
8.4,7.50E-08,7.92E-08,8.38E-08,8.95E-08,9.65E-08,1.06E-07,1.18E-07
8.45,7.53E-08,7.95E-08,8.41E-08,8.98E-08,9.68E-08,1.06E-07,1.19E-07
8.5,7.56E-08,7.98E-08,8.44E-08,9.00E-08,9.71E-08,1.06E-07,1.19E-07
8.55,7.57E-08,8.01E-08,8.47E-08,9.04E-08,9.74E-08,1.07E-07,1.19E-07
8.6,7.61E-08,8.03E-08,8.50E-08,9.07E-08,9.76E-08,1.07E-07,1.20E-07
8.65,7.63E-08,8.06E-08,8.53E-08,9.10E-08,9.81E-08,1.07E-07,1.20E-07
8.7,7.66E-08,8.09E-08,8.56E-08,9.13E-08,9.83E-08,1.08E-07,1.21E-07
8.75,7.68E-08,8.12E-08,8.58E-08,9.16E-08,9.87E-08,1.08E-07,1.21E-07
8.8,7.72E-08,8.15E-08,8.61E-08,9.19E-08,9.90E-08,1.08E-07,1.21E-07
8.85,7.74E-08,8.17E-08,8.64E-08,9.22E-08,9.93E-08,1.09E-07,1.22E-07
8.9,7.78E-08,8.20E-08,8.67E-08,9.25E-08,9.96E-08,1.09E-07,1.22E-07
8.95,7.80E-08,8.23E-08,8.70E-08,9.28E-08,9.99E-08,1.09E-07,1.22E-07
9,7.83E-08,8.26E-08,8.74E-08,9.31E-08,1.00E-07,1.10E-07,1.23E-07
9.05,7.85E-08,8.28E-08,8.76E-08,9.35E-08,1.00E-07,1.10E-07,1.23E-07
9.1,7.89E-08,8.31E-08,8.79E-08,9.37E-08,1.01E-07,1.10E-07,1.23E-07
9.15,7.90E-08,8.34E-08,8.82E-08,9.40E-08,1.01E-07,1.11E-07,1.24E-07
9.2,7.94E-08,8.37E-08,8.85E-08,9.43E-08,1.01E-07,1.11E-07,1.24E-07
9.25,7.95E-08,8.39E-08,8.87E-08,9.47E-08,1.02E-07,1.11E-07,1.24E-07
9.3,7.99E-08,8.42E-08,8.91E-08,9.49E-08,1.02E-07,1.12E-07,1.25E-07
9.35,8.02E-08,8.45E-08,8.93E-08,9.53E-08,1.02E-07,1.12E-07,1.25E-07
9.4,8.05E-08,8.48E-08,8.96E-08,9.55E-08,1.03E-07,1.12E-07,1.26E-07
9.45,8.07E-08,8.51E-08,8.98E-08,9.59E-08,1.03E-07,1.12E-07,1.26E-07
9.5,8.10E-08,8.54E-08,9.01E-08,9.60E-08,1.03E-07,1.13E-07,1.26E-07
9.55,8.12E-08,8.57E-08,9.04E-08,9.64E-08,1.04E-07,1.13E-07,1.26E-07
9.6,8.15E-08,8.58E-08,9.07E-08,9.66E-08,1.04E-07,1.13E-07,1.27E-07
9.65,8.17E-08,8.62E-08,9.09E-08,9.69E-08,1.04E-07,1.14E-07,1.27E-07
9.7,8.20E-08,8.64E-08,9.13E-08,9.71E-08,1.05E-07,1.14E-07,1.27E-07
9.75,8.23E-08,8.67E-08,9.15E-08,9.75E-08,1.05E-07,1.14E-07,1.28E-07
9.8,8.26E-08,8.69E-08,9.19E-08,9.78E-08,1.05E-07,1.15E-07,1.28E-07
9.85,8.28E-08,8.72E-08,9.22E-08,9.82E-08,1.05E-07,1.15E-07,1.29E-07
9.9,8.31E-08,8.75E-08,9.25E-08,9.84E-08,1.06E-07,1.16E-07,1.29E-07
9.95,8.33E-08,8.78E-08,9.26E-08,9.88E-08,1.06E-07,1.16E-07,1.30E-07
10,8.36E-08,8.80E-08,9.30E-08,9.90E-08,1.06E-07,1.16E-07,1.30E-07
10.05,8.39E-08,8.84E-08,9.33E-08,9.93E-08,1.07E-07,1.16E-07,1.30E-07
10.1,8.41E-08,8.86E-08,9.36E-08,9.96E-08,1.07E-07,1.17E-07,1.30E-07
10.15,8.44E-08,8.89E-08,9.39E-08,9.99E-08,1.07E-07,1.17E-07,1.31E-07
10.2,8.47E-08,8.92E-08,9.41E-08,1.00E-07,1.08E-07,1.17E-07,1.31E-07
10.25,8.49E-08,8.95E-08,9.44E-08,1.01E-07,1.08E-07,1.17E-07,1.31E-07
10.3,8.51E-08,8.97E-08,9.47E-08,1.01E-07,1.08E-07,1.18E-07,1.32E-07
10.35,8.54E-08,9.00E-08,9.49E-08,1.01E-07,1.08E-07,1.18E-07,1.32E-07
10.4,8.56E-08,9.02E-08,9.52E-08,1.01E-07,1.09E-07,1.18E-07,1.32E-07
10.45,8.60E-08,9.05E-08,9.54E-08,1.02E-07,1.09E-07,1.19E-07,1.33E-07
10.5,8.61E-08,9.08E-08,9.59E-08,1.02E-07,1.09E-07,1.19E-07,1.33E-07
10.55,8.64E-08,9.11E-08,9.60E-08,1.02E-07,1.10E-07,1.19E-07,1.33E-07
10.6,8.66E-08,9.13E-08,9.63E-08,1.02E-07,1.10E-07,1.20E-07,1.34E-07
10.65,8.70E-08,9.16E-08,9.66E-08,1.03E-07,1.10E-07,1.20E-07,1.34E-07
10.7,8.71E-08,9.19E-08,9.69E-08,1.03E-07,1.11E-07,1.20E-07,1.35E-07
10.75,8.74E-08,9.22E-08,9.71E-08,1.03E-07,1.11E-07,1.21E-07,1.35E-07
10.8,8.77E-08,9.25E-08,9.75E-08,1.04E-07,1.11E-07,1.21E-07,1.35E-07
10.85,8.80E-08,9.27E-08,9.77E-08,1.04E-07,1.12E-07,1.21E-07,1.35E-07
10.9,8.82E-08,9.29E-08,9.81E-08,1.04E-07,1.12E-07,1.21E-07,1.36E-07
10.95,8.85E-08,9.33E-08,9.83E-08,1.04E-07,1.12E-07,1.22E-07,1.36E-07
11,8.87E-08,9.35E-08,9.87E-08,1.05E-07,1.13E-07,1.22E-07,1.36E-07
11.05,8.89E-08,9.38E-08,9.89E-08,1.05E-07,1.13E-07,1.22E-07,1.37E-07
11.1,8.92E-08,9.40E-08,9.92E-08,1.05E-07,1.13E-07,1.23E-07,1.37E-07
11.15,8.95E-08,9.43E-08,9.94E-08,1.06E-07,1.13E-07,1.23E-07,1.38E-07
11.2,8.97E-08,9.45E-08,9.97E-08,1.06E-07,1.14E-07,1.23E-07,1.38E-07
11.25,9.00E-08,9.48E-08,1.00E-07,1.06E-07,1.14E-07,1.24E-07,1.38E-07
11.3,9.02E-08,9.51E-08,1.00E-07,1.06E-07,1.14E-07,1.24E-07,1.38E-07
11.35,9.05E-08,9.53E-08,1.01E-07,1.07E-07,1.14E-07,1.24E-07,1.39E-07
11.4,9.07E-08,9.56E-08,1.01E-07,1.07E-07,1.15E-07,1.25E-07,1.39E-07
11.45,9.10E-08,9.59E-08,1.01E-07,1.07E-07,1.15E-07,1.25E-07,1.40E-07
11.5,9.13E-08,9.62E-08,1.01E-07,1.08E-07,1.16E-07,1.25E-07,1.40E-07
11.55,9.16E-08,9.64E-08,1.02E-07,1.08E-07,1.16E-07,1.26E-07,1.40E-07
11.6,9.19E-08,9.67E-08,1.02E-07,1.08E-07,1.16E-07,1.26E-07,1.41E-07
11.65,9.21E-08,9.70E-08,1.02E-07,1.08E-07,1.16E-07,1.26E-07,1.41E-07
11.7,9.24E-08,9.72E-08,1.02E-07,1.09E-07,1.16E-07,1.26E-07,1.41E-07
11.75,9.26E-08,9.75E-08,1.03E-07,1.09E-07,1.17E-07,1.27E-07,1.41E-07
11.8,9.30E-08,9.78E-08,1.03E-07,1.09E-07,1.17E-07,1.27E-07,1.42E-07
11.85,9.31E-08,9.80E-08,1.03E-07,1.10E-07,1.17E-07,1.27E-07,1.42E-07
11.9,9.34E-08,9.83E-08,1.03E-07,1.10E-07,1.17E-07,1.28E-07,1.43E-07
11.95,9.36E-08,9.85E-08,1.04E-07,1.10E-07,1.18E-07,1.28E-07,1.43E-07
12,9.39E-08,9.88E-08,1.04E-07,1.10E-07,1.18E-07,1.28E-07,1.43E-07
12.05,9.40E-08,9.91E-08,1.04E-07,1.11E-07,1.18E-07,1.29E-07,1.44E-07
12.1,9.44E-08,9.93E-08,1.04E-07,1.11E-07,1.18E-07,1.29E-07,1.44E-07
12.15,9.46E-08,9.96E-08,1.05E-07,1.11E-07,1.19E-07,1.29E-07,1.44E-07
12.2,9.50E-08,9.99E-08,1.05E-07,1.12E-07,1.19E-07,1.30E-07,1.44E-07
12.25,9.51E-08,1.00E-07,1.05E-07,1.12E-07,1.19E-07,1.30E-07,1.45E-07
12.3,9.55E-08,1.00E-07,1.06E-07,1.12E-07,1.20E-07,1.30E-07,1.45E-07
12.35,9.57E-08,1.01E-07,1.06E-07,1.12E-07,1.20E-07,1.30E-07,1.46E-07
12.4,9.60E-08,1.01E-07,1.06E-07,1.13E-07,1.20E-07,1.31E-07,1.46E-07
12.45,9.62E-08,1.01E-07,1.07E-07,1.13E-07,1.21E-07,1.31E-07,1.46E-07
12.5,9.65E-08,1.01E-07,1.07E-07,1.13E-07,1.21E-07,1.31E-07,1.47E-07
12.55,9.67E-08,1.02E-07,1.07E-07,1.14E-07,1.21E-07,1.32E-07,1.47E-07
12.6,9.70E-08,1.02E-07,1.07E-07,1.14E-07,1.21E-07,1.32E-07,1.47E-07
12.65,9.72E-08,1.02E-07,1.08E-07,1.14E-07,1.22E-07,1.32E-07,1.48E-07
12.7,9.74E-08,1.03E-07,1.08E-07,1.14E-07,1.22E-07,1.33E-07,1.48E-07
12.75,9.78E-08,1.03E-07,1.08E-07,1.15E-07,1.22E-07,1.33E-07,1.48E-07
12.8,9.79E-08,1.03E-07,1.08E-07,1.15E-07,1.23E-07,1.33E-07,1.48E-07
12.85,9.82E-08,1.03E-07,1.09E-07,1.15E-07,1.23E-07,1.33E-07,1.49E-07
12.9,9.85E-08,1.04E-07,1.09E-07,1.16E-07,1.23E-07,1.34E-07,1.49E-07
12.95,9.87E-08,1.04E-07,1.09E-07,1.16E-07,1.23E-07,1.34E-07,1.50E-07
13,9.89E-08,1.04E-07,1.09E-07,1.16E-07,1.24E-07,1.35E-07,1.50E-07
13.05,9.92E-08,1.04E-07,1.10E-07,1.16E-07,1.24E-07,1.35E-07,1.50E-07
13.1,9.95E-08,1.05E-07,1.10E-07,1.16E-07,1.24E-07,1.35E-07,1.51E-07
13.15,9.97E-08,1.05E-07,1.10E-07,1.17E-07,1.25E-07,1.35E-07,1.51E-07
13.2,1.00E-07,1.05E-07,1.10E-07,1.17E-07,1.25E-07,1.36E-07,1.51E-07
13.25,1.00E-07,1.05E-07,1.11E-07,1.17E-07,1.25E-07,1.36E-07,1.51E-07
13.3,1.00E-07,1.06E-07,1.11E-07,1.17E-07,1.26E-07,1.36E-07,1.52E-07
13.35,1.01E-07,1.06E-07,1.11E-07,1.18E-07,1.26E-07,1.37E-07,1.52E-07
13.4,1.01E-07,1.06E-07,1.12E-07,1.18E-07,1.26E-07,1.37E-07,1.52E-07
13.45,1.01E-07,1.06E-07,1.12E-07,1.18E-07,1.26E-07,1.37E-07,1.53E-07
13.5,1.01E-07,1.07E-07,1.12E-07,1.18E-07,1.27E-07,1.38E-07,1.53E-07
13.55,1.02E-07,1.07E-07,1.12E-07,1.19E-07,1.27E-07,1.38E-07,1.54E-07
13.6,1.02E-07,1.07E-07,1.12E-07,1.19E-07,1.27E-07,1.38E-07,1.54E-07
13.65,1.02E-07,1.07E-07,1.13E-07,1.19E-07,1.28E-07,1.38E-07,1.54E-07
13.7,1.02E-07,1.08E-07,1.13E-07,1.19E-07,1.28E-07,1.38E-07,1.55E-07
13.75,1.03E-07,1.08E-07,1.13E-07,1.20E-07,1.28E-07,1.39E-07,1.55E-07
13.8,1.03E-07,1.08E-07,1.14E-07,1.20E-07,1.28E-07,1.39E-07,1.55E-07
13.85,1.03E-07,1.08E-07,1.14E-07,1.20E-07,1.29E-07,1.39E-07,1.56E-07
13.9,1.03E-07,1.09E-07,1.14E-07,1.21E-07,1.29E-07,1.40E-07,1.56E-07
13.95,1.04E-07,1.09E-07,1.14E-07,1.21E-07,1.29E-07,1.40E-07,1.56E-07
14,1.04E-07,1.09E-07,1.15E-07,1.21E-07,1.30E-07,1.40E-07,1.56E-07
14.05,1.04E-07,1.09E-07,1.15E-07,1.21E-07,1.30E-07,1.41E-07,1.57E-07
14.1,1.04E-07,1.10E-07,1.15E-07,1.22E-07,1.30E-07,1.41E-07,1.57E-07
14.15,1.05E-07,1.10E-07,1.16E-07,1.22E-07,1.30E-07,1.41E-07,1.57E-07
14.2,1.05E-07,1.10E-07,1.16E-07,1.22E-07,1.31E-07,1.41E-07,1.58E-07
14.25,1.05E-07,1.10E-07,1.16E-07,1.22E-07,1.31E-07,1.42E-07,1.58E-07
14.3,1.05E-07,1.11E-07,1.16E-07,1.23E-07,1.31E-07,1.42E-07,1.58E-07
14.35,1.06E-07,1.11E-07,1.16E-07,1.23E-07,1.32E-07,1.42E-07,1.58E-07
14.4,1.06E-07,1.11E-07,1.17E-07,1.23E-07,1.32E-07,1.43E-07,1.59E-07
14.45,1.06E-07,1.11E-07,1.17E-07,1.23E-07,1.32E-07,1.43E-07,1.59E-07
14.5,1.06E-07,1.12E-07,1.17E-07,1.24E-07,1.32E-07,1.43E-07,1.59E-07
14.55,1.07E-07,1.12E-07,1.17E-07,1.24E-07,1.33E-07,1.44E-07,1.60E-07
14.6,1.07E-07,1.12E-07,1.17E-07,1.24E-07,1.33E-07,1.44E-07,1.60E-07
14.65,1.07E-07,1.12E-07,1.18E-07,1.24E-07,1.33E-07,1.44E-07,1.61E-07
14.7,1.07E-07,1.12E-07,1.18E-07,1.25E-07,1.33E-07,1.45E-07,1.61E-07
14.75,1.08E-07,1.13E-07,1.18E-07,1.25E-07,1.34E-07,1.45E-07,1.61E-07
14.8,1.08E-07,1.13E-07,1.18E-07,1.25E-07,1.34E-07,1.45E-07,1.62E-07
14.85,1.08E-07,1.13E-07,1.19E-07,1.25E-07,1.34E-07,1.45E-07,1.62E-07
14.9,1.08E-07,1.14E-07,1.19E-07,1.26E-07,1.35E-07,1.46E-07,1.62E-07
14.95,1.09E-07,1.14E-07,1.19E-07,1.26E-07,1.35E-07,1.46E-07,1.63E-07
15,1.09E-07,1.14E-07,1.19E-07,1.26E-07,1.35E-07,1.46E-07,1.63E-07
15.05,1.09E-07,1.14E-07,1.20E-07,1.26E-07,1.36E-07,1.47E-07,1.63E-07
15.1,1.09E-07,1.15E-07,1.20E-07,1.27E-07,1.36E-07,1.47E-07,1.63E-07
15.15,1.09E-07,1.15E-07,1.20E-07,1.27E-07,1.36E-07,1.47E-07,1.63E-07
15.2,1.10E-07,1.15E-07,1.21E-07,1.27E-07,1.36E-07,1.47E-07,1.64E-07
15.25,1.10E-07,1.16E-07,1.21E-07,1.28E-07,1.37E-07,1.48E-07,1.64E-07
15.3,1.10E-07,1.16E-07,1.21E-07,1.28E-07,1.37E-07,1.48E-07,1.64E-07
15.35,1.10E-07,1.16E-07,1.21E-07,1.28E-07,1.37E-07,1.48E-07,1.65E-07
15.4,1.11E-07,1.16E-07,1.21E-07,1.28E-07,1.37E-07,1.49E-07,1.65E-07
15.45,1.11E-07,1.16E-07,1.22E-07,1.29E-07,1.38E-07,1.49E-07,1.65E-07
15.5,1.11E-07,1.16E-07,1.22E-07,1.29E-07,1.38E-07,1.49E-07,1.66E-07
15.55,1.11E-07,1.17E-07,1.22E-07,1.29E-07,1.38E-07,1.49E-07,1.66E-07
15.6,1.12E-07,1.17E-07,1.23E-07,1.29E-07,1.38E-07,1.50E-07,1.67E-07
15.65,1.12E-07,1.17E-07,1.23E-07,1.30E-07,1.39E-07,1.50E-07,1.67E-07
15.7,1.12E-07,1.17E-07,1.23E-07,1.30E-07,1.39E-07,1.50E-07,1.67E-07
15.75,1.12E-07,1.18E-07,1.23E-07,1.30E-07,1.39E-07,1.51E-07,1.68E-07
15.8,1.13E-07,1.18E-07,1.24E-07,1.31E-07,1.39E-07,1.51E-07,1.68E-07
15.85,1.13E-07,1.18E-07,1.24E-07,1.31E-07,1.40E-07,1.51E-07,1.68E-07
15.9,1.13E-07,1.18E-07,1.24E-07,1.31E-07,1.40E-07,1.52E-07,1.68E-07
15.95,1.13E-07,1.18E-07,1.24E-07,1.31E-07,1.40E-07,1.52E-07,1.69E-07
16,1.14E-07,1.19E-07,1.25E-07,1.32E-07,1.41E-07,1.52E-07,1.69E-07
16.05,1.14E-07,1.19E-07,1.25E-07,1.32E-07,1.41E-07,1.52E-07,1.70E-07
16.1,1.14E-07,1.19E-07,1.25E-07,1.32E-07,1.41E-07,1.53E-07,1.70E-07
16.15,1.14E-07,1.19E-07,1.25E-07,1.32E-07,1.41E-07,1.53E-07,1.70E-07
16.2,1.15E-07,1.20E-07,1.26E-07,1.33E-07,1.42E-07,1.53E-07,1.70E-07
16.25,1.15E-07,1.20E-07,1.26E-07,1.33E-07,1.42E-07,1.54E-07,1.71E-07
16.3,1.15E-07,1.20E-07,1.26E-07,1.33E-07,1.42E-07,1.54E-07,1.71E-07
16.35,1.15E-07,1.21E-07,1.26E-07,1.33E-07,1.42E-07,1.54E-07,1.71E-07
16.4,1.16E-07,1.21E-07,1.27E-07,1.34E-07,1.43E-07,1.54E-07,1.72E-07
16.45,1.16E-07,1.21E-07,1.27E-07,1.34E-07,1.43E-07,1.55E-07,1.72E-07
16.5,1.16E-07,1.21E-07,1.27E-07,1.34E-07,1.43E-07,1.55E-07,1.72E-07
16.55,1.16E-07,1.21E-07,1.27E-07,1.35E-07,1.43E-07,1.55E-07,1.72E-07
16.6,1.16E-07,1.22E-07,1.27E-07,1.35E-07,1.44E-07,1.56E-07,1.73E-07
16.65,1.17E-07,1.22E-07,1.28E-07,1.35E-07,1.44E-07,1.56E-07,1.73E-07
16.7,1.17E-07,1.22E-07,1.28E-07,1.35E-07,1.44E-07,1.56E-07,1.74E-07
16.75,1.17E-07,1.23E-07,1.28E-07,1.36E-07,1.44E-07,1.57E-07,1.74E-07
16.8,1.17E-07,1.23E-07,1.29E-07,1.36E-07,1.45E-07,1.57E-07,1.74E-07
16.85,1.17E-07,1.23E-07,1.29E-07,1.36E-07,1.45E-07,1.57E-07,1.74E-07
16.9,1.18E-07,1.23E-07,1.29E-07,1.36E-07,1.45E-07,1.57E-07,1.74E-07
16.95,1.18E-07,1.23E-07,1.29E-07,1.37E-07,1.46E-07,1.58E-07,1.75E-07
17,1.18E-07,1.24E-07,1.30E-07,1.37E-07,1.46E-07,1.58E-07,1.75E-07
17.05,1.18E-07,1.24E-07,1.30E-07,1.37E-07,1.46E-07,1.58E-07,1.75E-07
17.1,1.19E-07,1.24E-07,1.30E-07,1.37E-07,1.46E-07,1.59E-07,1.76E-07
17.15,1.19E-07,1.24E-07,1.30E-07,1.38E-07,1.47E-07,1.59E-07,1.76E-07
17.2,1.19E-07,1.25E-07,1.30E-07,1.38E-07,1.47E-07,1.59E-07,1.76E-07
17.25,1.19E-07,1.25E-07,1.31E-07,1.38E-07,1.47E-07,1.60E-07,1.77E-07
17.3,1.19E-07,1.25E-07,1.31E-07,1.38E-07,1.47E-07,1.60E-07,1.77E-07
17.35,1.20E-07,1.25E-07,1.31E-07,1.39E-07,1.48E-07,1.60E-07,1.77E-07
17.4,1.20E-07,1.26E-07,1.32E-07,1.39E-07,1.48E-07,1.60E-07,1.78E-07
17.45,1.20E-07,1.26E-07,1.32E-07,1.39E-07,1.48E-07,1.61E-07,1.78E-07
17.5,1.21E-07,1.26E-07,1.32E-07,1.39E-07,1.49E-07,1.61E-07,1.78E-07
17.55,1.21E-07,1.26E-07,1.32E-07,1.40E-07,1.49E-07,1.61E-07,1.79E-07
17.6,1.21E-07,1.27E-07,1.33E-07,1.40E-07,1.49E-07,1.61E-07,1.79E-07
17.65,1.21E-07,1.27E-07,1.33E-07,1.40E-07,1.49E-07,1.62E-07,1.79E-07
17.7,1.21E-07,1.27E-07,1.33E-07,1.41E-07,1.49E-07,1.62E-07,1.79E-07
17.75,1.22E-07,1.27E-07,1.33E-07,1.41E-07,1.50E-07,1.62E-07,1.80E-07
17.8,1.22E-07,1.28E-07,1.34E-07,1.41E-07,1.50E-07,1.63E-07,1.80E-07
17.85,1.22E-07,1.28E-07,1.34E-07,1.41E-07,1.50E-07,1.63E-07,1.80E-07
17.9,1.22E-07,1.28E-07,1.34E-07,1.42E-07,1.51E-07,1.63E-07,1.81E-07
17.95,1.23E-07,1.28E-07,1.34E-07,1.42E-07,1.51E-07,1.64E-07,1.81E-07
18,1.23E-07,1.29E-07,1.35E-07,1.42E-07,1.51E-07,1.64E-07,1.81E-07
18.05,1.23E-07,1.29E-07,1.35E-07,1.42E-07,1.51E-07,1.64E-07,1.81E-07
18.1,1.23E-07,1.29E-07,1.35E-07,1.43E-07,1.52E-07,1.64E-07,1.82E-07
18.15,1.24E-07,1.29E-07,1.35E-07,1.43E-07,1.52E-07,1.65E-07,1.82E-07
18.2,1.24E-07,1.30E-07,1.35E-07,1.43E-07,1.52E-07,1.65E-07,1.83E-07
18.25,1.24E-07,1.30E-07,1.36E-07,1.43E-07,1.52E-07,1.65E-07,1.83E-07
18.3,1.24E-07,1.30E-07,1.36E-07,1.44E-07,1.53E-07,1.66E-07,1.83E-07
18.35,1.24E-07,1.30E-07,1.36E-07,1.44E-07,1.53E-07,1.66E-07,1.83E-07
18.4,1.25E-07,1.31E-07,1.37E-07,1.44E-07,1.53E-07,1.66E-07,1.84E-07
18.45,1.25E-07,1.31E-07,1.37E-07,1.44E-07,1.53E-07,1.66E-07,1.84E-07
18.5,1.25E-07,1.31E-07,1.37E-07,1.44E-07,1.54E-07,1.67E-07,1.84E-07
18.55,1.25E-07,1.31E-07,1.37E-07,1.45E-07,1.54E-07,1.67E-07,1.84E-07
18.6,1.26E-07,1.32E-07,1.37E-07,1.45E-07,1.54E-07,1.67E-07,1.85E-07
18.65,1.26E-07,1.32E-07,1.38E-07,1.45E-07,1.55E-07,1.68E-07,1.85E-07
18.7,1.26E-07,1.32E-07,1.38E-07,1.45E-07,1.55E-07,1.68E-07,1.85E-07
18.75,1.26E-07,1.32E-07,1.38E-07,1.46E-07,1.55E-07,1.68E-07,1.85E-07
18.8,1.27E-07,1.32E-07,1.38E-07,1.46E-07,1.55E-07,1.68E-07,1.86E-07
18.85,1.27E-07,1.33E-07,1.39E-07,1.46E-07,1.56E-07,1.69E-07,1.86E-07
18.9,1.27E-07,1.33E-07,1.39E-07,1.46E-07,1.56E-07,1.69E-07,1.87E-07
18.95,1.27E-07,1.33E-07,1.39E-07,1.47E-07,1.56E-07,1.69E-07,1.87E-07
19,1.28E-07,1.33E-07,1.39E-07,1.47E-07,1.56E-07,1.69E-07,1.87E-07
19.05,1.28E-07,1.34E-07,1.40E-07,1.47E-07,1.57E-07,1.70E-07,1.87E-07
19.1,1.28E-07,1.34E-07,1.40E-07,1.48E-07,1.57E-07,1.70E-07,1.88E-07
19.15,1.28E-07,1.34E-07,1.40E-07,1.48E-07,1.57E-07,1.70E-07,1.88E-07
19.2,1.29E-07,1.34E-07,1.40E-07,1.48E-07,1.57E-07,1.71E-07,1.88E-07
19.25,1.29E-07,1.35E-07,1.41E-07,1.48E-07,1.58E-07,1.71E-07,1.89E-07
19.3,1.29E-07,1.35E-07,1.41E-07,1.49E-07,1.58E-07,1.71E-07,1.89E-07
19.35,1.29E-07,1.35E-07,1.41E-07,1.49E-07,1.58E-07,1.72E-07,1.89E-07
19.4,1.29E-07,1.35E-07,1.41E-07,1.49E-07,1.59E-07,1.72E-07,1.90E-07
19.45,1.30E-07,1.35E-07,1.42E-07,1.49E-07,1.59E-07,1.72E-07,1.90E-07
19.5,1.30E-07,1.36E-07,1.42E-07,1.50E-07,1.59E-07,1.73E-07,1.90E-07
19.55,1.30E-07,1.36E-07,1.42E-07,1.50E-07,1.59E-07,1.73E-07,1.89E-07
19.6,1.30E-07,1.36E-07,1.42E-07,1.50E-07,1.60E-07,1.73E-07,1.90E-07
19.65,1.31E-07,1.37E-07,1.43E-07,1.50E-07,1.60E-07,1.73E-07,1.90E-07
19.7,1.31E-07,1.37E-07,1.43E-07,1.50E-07,1.60E-07,1.74E-07,1.90E-07
19.75,1.31E-07,1.37E-07,1.43E-07,1.51E-07,1.60E-07,1.74E-07,1.91E-07
19.8,1.32E-07,1.37E-07,1.43E-07,1.51E-07,1.61E-07,1.74E-07,1.91E-07
19.85,1.32E-07,1.37E-07,1.44E-07,1.51E-07,1.61E-07,1.74E-07,1.91E-07
19.9,1.32E-07,1.38E-07,1.44E-07,1.52E-07,1.61E-07,1.75E-07,1.92E-07
19.95,1.32E-07,1.38E-07,1.44E-07,1.52E-07,1.62E-07,1.75E-07,1.92E-07
20,1.33E-07,1.38E-07,1.44E-07,1.52E-07,1.62E-07,1.75E-07,1.92E-07
